scene_id,acquisition_date,longitude_from_filename,latitude_from_filename,source_product_id,source_product_level,split,records,positive_records,difficult_negative_records
KX10_TIS_20220826_W47.14_N76.96_202200138826_L4B,2022-08-26,-47.14,76.96,202200138826,L4B,train,703,50,653
KX10_TIS_20220915_E107.02_N6.95_202200148665_L4B,2022-09-15,107.02,6.95,202200148665,L4B,test,732,86,646
KX10_TIS_20220915_E108.54_N14.51_202200148660_L4B,2022-09-15,108.54,14.51,202200148660,L4B,test,3,2,1
KX10_TIS_20220917_E56.71_N51.89_202200149935_L4B,2022-09-17,56.71,51.89,202200149935,L4B,train,752,140,612
KX10_TIS_20220922_E4.65_N40.04_202200153410_L4B,2022-09-22,4.65,40.04,202200153410,L4B,train,8,8,0
KX10_TIS_20220922_E5.79_N43.78_202200153401_L4B,2022-09-22,5.79,43.78,202200153401,L4B,train,4,4,0
KX10_TIS_20220922_E7.05_N47.50_202200153400,2022-09-22,7.05,47.5,202200153400,NOT_ENCODED,train,1,1,0
KX10_TIS_20220924_E21.23_N42.41_202200154514_L4B,2022-09-24,21.23,42.41,202200154514,L4B,validation,1105,543,562
KX10_TIS_20220927_E116.08_N12.84_202200156836_L4B,2022-09-27,116.08,12.84,202200156836,L4B,train,4,1,3
KX10_TIS_20220927_E34.33_N57.36_202200157031_L4B,2022-09-27,34.33,57.36,202200157031,L4B,train,1678,1168,510
KX10_TIS_20220927_E35.35_N59.20_202200157047_L4B,2022-09-27,35.35,59.2,202200157047,L4B,train,1241,671,570
KX10_TIS_20220927_E36.46_N61.02_202200157035_L4B,2022-09-27,36.46,61.02,202200157035,L4B,train,2,1,1
KX10_TIS_20220927_E40.62_N66.43_202200157040_L4B,2022-09-27,40.62,66.43,202200157040,L4B,train,5,3,2
KX10_TIS_20220927_E51.90_N59.10_202200156983_L4B,2022-09-27,51.9,59.1,202200156983,L4B,train,1020,393,627
KX10_TIS_20220927_E52.90_N57.26_202200156977_L4B,2022-09-27,52.9,57.26,202200156977,L4B,train,867,252,615
KX10_TIS_20220927_W2.74_N11.05_202200157046_L4B,2022-09-27,-2.74,11.05,202200157046,L4B,train,1,1,0
KX10_TIS_20220928_E139.95_S9.59_202200156926_L4B,2022-09-28,139.95,-9.59,202200156926,L4B,validation,1,1,0
KX10_TIS_20220928_E2.83_N15.77_202200157276_L4B,2022-09-28,2.83,15.77,202200157276,L4B,validation,1,1,0
KX10_TIS_20220928_E37.49_N54.40_202200157280_L4B,2022-09-28,37.49,54.4,202200157280,L4B,validation,1,1,0
KX10_TIS_20220928_E41.53_N61.73_202200157282_L4B,2022-09-28,41.53,61.73,202200157282,L4B,validation,1,1,0
KX10_TIS_20220929_E29.48_N7.56_202200157143_L4B,2022-09-29,29.48,7.56,202200157143,L4B,validation,1,1,0
KX10_TIS_20220929_E29.86_N9.45_202200157147_L4B,2022-09-29,29.86,9.45,202200157147,L4B,validation,1,1,0
KX10_TIS_20221003_W112.32_N54.75_202200158783_L4A,2022-10-03,-112.32,54.75,202200158783,L4A,train,837,189,648
KX10_TIS_20221004_E57.65_N63.49_202200159169_L4B,2022-10-04,57.65,63.49,202200159169,L4B,validation,1,1,0
KX10_TIS_20221008_E54.33_N60.79_202200160555_L4B,2022-10-08,54.33,60.79,202200160555,L4B,validation,1,1,0
KX10_TIS_20221008_E62.57_N59.34_202200160431_L4B,2022-10-08,62.57,59.34,202200160431,L4B,validation,1,1,0
KX10_TIS_20221009_E58.64_N61.30_202200161228_L4B,2022-10-09,58.64,61.3,202200161228,L4B,train,1,1,0
KX10_TIS_20221009_E60.79_N57.65_202200161229_L4B,2022-10-09,60.79,57.65,202200161229,L4B,train,1,1,0
KX10_TIS_20221011_W73.56_N50.77_202200162140_L4A,2022-10-11,-73.56,50.77,202200162140,L4A,test,1115,487,628
KX10_TIS_20221014_E3.72_N5.20_202200164772_L4A,2022-10-14,3.72,5.2,202200164772,L4A,train,20,11,9
KX10_TIS_20221014_E57.12_N62.85_202200164850_L4B,2022-10-14,57.12,62.85,202200164850,L4B,train,1,1,0
KX10_TIS_20221018_E35.82_N55.31_202200165576_L4B,2022-10-18,35.82,55.31,202200165576,L4B,train,1,1,0
KX10_TIS_20221018_E36.75_N57.16_202200165552_L4B,2022-10-18,36.75,57.16,202200165552,L4B,train,2,2,0
KX10_TIS_20221018_E41.71_N26.76_202200165714_L4A,2022-10-18,41.71,26.76,202200165714,L4A,train,5,4,1
KX10_TIS_20221018_E42.55_N23.01_202200165728_L4A,2022-10-18,42.55,23.01,202200165728,L4A,train,6,5,1
KX10_TIS_20221018_E50.57_N26.96_202200165574_L4A,2022-10-18,50.57,26.96,202200165574,L4A,train,60,57,3
KX10_TIS_20221018_E67.32_N18.01_202200165645_L4A,2022-10-18,67.32,18.01,202200165645,L4A,train,15,11,4
KX10_TIS_20221020_W104.94_N55.70_202200166644_L4A,2022-10-20,-104.94,55.7,202200166644,L4A,test,14,9,5
KX10_TIS_20221024_E128.74_N38.27_202200168105_L4B,2022-10-24,128.74,38.27,202200168105,L4B,train,19,0,19
KX10_TIS_20221027_E44.34_S12.80_202200170983_L4B,2022-10-27,44.34,-12.8,202200170983,L4B,train,42,0,42
KX10_TIS_20221028_E49.48_N25.54_202200171629_L4B,2022-10-28,49.48,25.54,202200171629,L4B,train,41,17,24
KX10_TIS_20221028_E49.91_N27.43_202200171632_L4B,2022-10-28,49.91,27.43,202200171632,L4B,train,107,101,6
KX10_TIS_20221028_E50.35_N29.31_202200171631_L4B,2022-10-28,50.35,29.31,202200171631,L4B,train,24,7,17
KX10_TIS_20221029_E26.31_N5.55_202200171851_L4B,2022-10-29,26.31,5.55,202200171851,L4B,validation,41,2,39
KX10_TIS_20221029_E46.02_N24.98_202200171972_L4B,2022-10-29,46.02,24.98,202200171972,L4B,validation,1,1,0
KX10_TIS_20221029_E96.95_N3.45_202200171789_L4B,2022-10-29,96.95,3.45,202200171789,L4B,validation,47,0,47
KX10_TIS_20221031_W119.07_N40.59_202200172248_L4B,2022-10-31,-119.07,40.59,202200172248,L4B,train,67,62,5
KX10_TIS_20221105_W0.30_N51.40_202200175435_L4A,2022-11-05,-0.3,51.4,202200175435,L4A,train,62,57,5
KX10_TIS_20221105_W2.38_N45.82_202200175434_L4B,2022-11-05,-2.38,45.82,202200175434,L4B,train,1,1,0
KX10_TIS_20221105_W2.99_N43.96_202200175438_L4B,2022-11-05,-2.99,43.96,202200175438,L4B,train,13,11,2
KX10_TIS_20221106_W119.74_N33.64_202200175807_L4B,2022-11-06,-119.74,33.64,202200175807,L4B,validation,1,1,0
KX10_TIS_20221107_E29.53_N58.89_202200176774_L4B,2022-11-07,29.53,58.89,202200176774,L4B,validation,1,1,0
KX10_TIS_20221107_E30.53_N57.05_202200176785_L4B,2022-11-07,30.53,57.05,202200176785,L4B,validation,1,1,0
KX10_TIS_20221107_E48.43_N23.47_202200176583_L4B,2022-11-07,48.43,23.47,202200176583,L4B,validation,1,1,0
KX10_TIS_20221107_E48.85_N25.36_202200176586_L4B,2022-11-07,48.85,25.36,202200176586,L4B,validation,8,8,0
KX10_TIS_20221107_E49.28_N27.24_202200176588_L4A,2022-11-07,49.28,27.24,202200176588,L4A,validation,176,171,5
KX10_TIS_20221107_E49.28_N27.24_202200176588_L4B,2022-11-07,49.28,27.24,202200176588,L4B,validation,107,105,2
KX10_TIS_20221107_E49.72_N29.12_202200176589_L4A,2022-11-07,49.72,29.12,202200176589,L4A,validation,84,81,3
KX10_TIS_20221107_E49.72_N29.12_202200176589_L4B,2022-11-07,49.72,29.12,202200176589,L4B,validation,200,191,9
KX10_TIS_20221108_E55.04_N63.35_202200177401_L4B,2022-11-08,55.04,63.35,202200177401,L4B,train,13,7,6
KX10_TIS_20221108_E56.31_N61.53_202200177408_L4B,2022-11-08,56.31,61.53,202200177408,L4B,train,10,3,7
KX10_TIS_20221111_E17.56_N12.69_202200178695_L4A,2022-11-11,17.56,12.69,202200178695,L4A,train,12,10,2
KX10_TIS_20221111_W62.69_S31.57_202200178735_L4B,2022-11-11,-62.69,-31.57,202200178735,L4B,train,22,0,22
KX10_TIS_20221111_W63.64_S35.31_202200178729_L4B,2022-11-11,-63.64,-35.31,202200178729,L4B,train,42,0,42
KX10_TIS_20221112_E21.21_N7.48_202200178955_L4B,2022-11-12,21.21,7.48,202200178955,L4B,train,28,1,27
KX10_TIS_20221112_E48.75_N25.85_202200178962_L4A,2022-11-12,48.75,25.85,202200178962,L4A,train,13,2,11
KX10_TIS_20221112_E48.75_N25.85_202200178962_L4B,2022-11-12,48.75,25.85,202200178962,L4B,train,11,1,10
KX10_TIS_20221112_E49.62_N29.60_202200178944_L4B,2022-11-12,49.62,29.6,202200178944,L4B,train,10,7,3
KX10_TIS_20221112_E5.22_N40.87_202200178954_L4B,2022-11-12,5.22,40.87,202200178954,L4B,train,1,1,0
KX10_TIS_20221112_E5.79_N42.74_202200178956_L4A,2022-11-12,5.79,42.74,202200178956,L4A,train,44,26,18
KX10_TIS_20221112_E7.01_N46.47_202200178946_L4A,2022-11-12,7.01,46.47,202200178946,L4A,train,44,39,5
KX10_TIS_20221112_E7.67_N48.32_202200178959_L4A,2022-11-12,7.67,48.32,202200178959,L4A,train,137,134,3
KX10_TIS_20221112_E7.67_N48.32_202200178959_L4B,2022-11-12,7.67,48.32,202200178959,L4B,train,4,4,0
KX10_TIS_20221112_W72.19_N14.17_202200179211_L4B,2022-11-12,-72.19,14.17,202200179211,L4B,train,6,1,5
KX10_TIS_20221113_W128.54_N51.48_202200179339_L4A,2022-11-13,-128.54,51.48,202200179339,L4A,train,35,23,12
KX10_TIS_20221113_W128.54_N51.48_202200179339_L4B,2022-11-13,-128.54,51.48,202200179339,L4B,train,2,2,0
KX10_TIS_20221116_E24.77_N58.33_202200181622_L4B,2022-11-16,24.77,58.33,202200181622,L4B,train,2,2,0
KX10_TIS_20221116_E30.86_N43.48_202200181619_L4B,2022-11-16,30.86,43.48,202200181619,L4B,train,1,1,0
KX10_TIS_20221117_E48.89_N27.25_202200182127_L4B,2022-11-17,48.89,27.25,202200182127,L4B,train,21,18,3
KX10_TIS_20221117_E49.33_N29.13_202200182125_L4B,2022-11-17,49.33,29.13,202200182125,L4B,train,32,28,4
KX10_TIS_20221118_E89.26_N38.04_202200182459_L4B,2022-11-18,89.26,38.04,202200182459,L4B,train,3,0,3
KX10_TIS_20221118_E92.51_N24.85_202200182470_L4B,2022-11-18,92.51,24.85,202200182470,L4B,train,29,0,29
KX10_TIS_20221124_E124.16_N8.67_202200185059_L4B,2022-11-24,124.16,8.67,202200185059,L4B,train,10,0,10
KX10_TIS_20221124_E16.51_N55.57_202200185112_L4B,2022-11-24,16.51,55.57,202200185112,L4B,train,3,3,0
KX10_TIS_20221125_E54.26_N25.63_202200185514_L4B,2022-11-25,54.26,25.63,202200185514,L4B,validation,12,8,4
KX10_TIS_20221126_E67.10_N25.08_202200185652_L4A,2022-11-26,67.1,25.08,202200185652,L4A,train,21,18,3
KX10_TIS_20221126_E94.85_N40.98_202200185666_L4B,2022-11-26,94.85,40.98,202200185666,L4B,train,5,1,4
KX10_TIS_20221127_E4.91_N41.29_202200185896_L4B,2022-11-27,4.91,41.29,202200185896,L4B,train,7,7,0
KX10_TIS_20221127_E48.11_N24.95_202200185893_L4B,2022-11-27,48.11,24.95,202200185893,L4B,train,7,4,3
KX10_TIS_20221127_E48.53_N26.83_202200185897_L4B,2022-11-27,48.53,26.83,202200185897,L4B,train,2,2,0
KX10_TIS_20221127_E48.97_N28.71_202200185886_L4B,2022-11-27,48.97,28.71,202200185886,L4B,train,9,8,1
KX10_TIS_20221127_E5.48_N43.16_202200185888_L4A,2022-11-27,5.48,43.16,202200185888,L4A,train,77,69,8
KX10_TIS_20221127_E5.48_N43.16_202200185888_L4B,2022-11-27,5.48,43.16,202200185888,L4B,train,84,79,5
KX10_TIS_20221127_E6.72_N46.88_202200185887_L4B,2022-11-27,6.72,46.88,202200185887,L4B,train,8,5,3
KX10_TIS_20221128_E34.12_N58.01_202200186602_L4B,2022-11-28,34.12,58.01,202200186602,L4B,validation,1,1,0
KX10_TIS_20221128_W45.90_S17.87_202200186085_L4B,2022-11-28,-45.9,-17.87,202200186085,L4B,validation,2,0,2
KX10_TIS_20221129_E12.08_N62.94_202200187353_L4B,2022-11-29,12.08,62.94,202200187353,L4B,train,18,14,4
KX10_TIS_20221129_E48.43_N29.97_202200187362_L4B,2022-11-29,48.43,29.97,202200187362,L4B,train,14,9,5
KX10_TIS_20221129_E48.88_N28.08_202200187363_L4A,2022-11-29,48.88,28.08,202200187363,L4A,train,42,37,5
KX10_TIS_20221129_E48.88_N28.08_202200187363_L4B,2022-11-29,48.88,28.08,202200187363,L4B,train,29,25,4
KX10_TIS_20221129_E49.32_N26.20_202200187360_L4B,2022-11-29,49.32,26.2,202200187360,L4B,train,22,18,4
KX10_TIS_20221129_W125.15_N41.53_202200186686_L4B,2022-11-29,-125.15,41.53,202200186686,L4B,train,4,1,3
KX10_TIS_20221203_E33.91_N58.25_202200188312_L4B,2022-12-03,33.91,58.25,202200188312,L4B,train,1,1,0
KX10_TIS_20221203_E35.77_N54.57_202200188328_L4B,2022-12-03,35.77,54.57,202200188328,L4B,train,1,1,0
KX10_TIS_20221204_E49.44_N25.35_202200188539_L4A,2022-12-04,49.44,25.35,202200188539,L4A,train,14,14,0
KX10_TIS_20221204_E49.44_N25.35_202200188539_L4B,2022-12-04,49.44,25.35,202200188539,L4B,train,21,19,2
KX10_TIS_20221204_W156.06_N23.36_202200188544_L4B,2022-12-04,-156.06,23.36,202200188544,L4B,train,3,1,2
KX10_TIS_20221205_E49.98_N41.64_202200189466_L4B,2022-12-05,49.98,41.64,202200189466,L4B,test,1,1,0
KX10_TIS_20221205_E54.31_N24.73_202200189463_L4A,2022-12-05,54.31,24.73,202200189463,L4A,test,24,21,3
KX10_TIS_20221205_E73.36_N42.65_202200189399_L4B,2022-12-05,73.36,42.65,202200189399,L4B,test,2,0,2
KX10_TIS_20221205_W119.59_N38.40_202200188675_L4B,2022-12-05,-119.59,38.4,202200188675,L4B,test,30,29,1
KX10_TIS_20221208_E52.99_N26.24_202200190502_L4B,2022-12-08,52.99,26.24,202200190502,L4B,train,1,1,0
KX10_TIS_20221208_E9.40_N40.93_202200190504_L4A,2022-12-08,9.4,40.93,202200190504,L4A,train,32,28,4
KX10_TIS_20221209_E74.21_N20.30_202200190823_L4A,2022-12-09,74.21,20.3,202200190823,L4A,train,14,13,1
KX10_TIS_20221209_E74.61_N18.40_202200190822_L4B,2022-12-09,74.61,18.4,202200190822,L4B,train,5,2,3
KX10_TIS_20221210_W1.70_N53.51_202200191115_L4A,2022-12-10,-1.7,53.51,202200191115,L4A,train,12,7,5
KX10_TIS_20221210_W93.96_N30.77_202200190950_L4A,2022-12-10,-93.96,30.77,202200190950,L4A,train,51,33,18
KX10_TIS_20221212_E111.97_N20.89_202200192158_L4B,2022-12-12,111.97,20.89,202200192158,L4B,train,1,0,1
KX10_TIS_20221213_E53.13_N26.91_202200192392_L4B,2022-12-13,53.13,26.91,202200192392,L4B,test,1,1,0
KX10_TIS_20221214_E76.92_N7.01_202200192683_L4B,2022-12-14,76.92,7.01,202200192683,L4B,train,2,0,2
KX10_TIS_20221215_E48.94_N44.93_202200193797_L4B,2022-12-15,48.94,44.93,202200193797,L4B,train,8,7,1
KX10_TIS_20221215_E49.53_N43.07_202200193792_L4A,2022-12-15,49.53,43.07,202200193792,L4A,train,24,22,2
KX10_TIS_20221215_E49.53_N43.07_202200193792_L4B,2022-12-15,49.53,43.07,202200193792,L4B,train,5,3,2
KX10_TIS_20221215_E51.18_N37.45_202200193780_L4A,2022-12-15,51.18,37.45,202200193780,L4A,train,15,12,3
KX10_TIS_20221215_E51.18_N37.45_202200193780_L4B,2022-12-15,51.18,37.45,202200193780,L4B,train,7,2,5
KX10_TIS_20221215_E51.68_N35.57_202200193781_L4A,2022-12-15,51.68,35.57,202200193781,L4A,train,13,6,7
KX10_TIS_20221215_E51.68_N35.57_202200193781_L4B,2022-12-15,51.68,35.57,202200193781,L4B,train,7,3,4
KX10_TIS_20221215_E70.05_N51.93_202200193732_L4B,2022-12-15,70.05,51.93,202200193732,L4B,train,1,0,1
KX10_TIS_20221216_E160.88_S10.34_202200194505_L4B,2022-12-16,160.88,-10.34,202200194505,L4B,train,1,0,1
KX10_TIS_20221219_E48.36_N30.13_202200197064_L4B,2022-12-19,48.36,30.13,202200197064,L4B,train,1,1,0
KX10_TIS_20221219_E48.81_N28.25_202200197065_L4B,2022-12-19,48.81,28.25,202200197065,L4B,train,1,1,0
KX10_TIS_20221219_E99.48_N13.18_202200196988_L4B,2022-12-19,99.48,13.18,202200196988,L4B,train,21,0,21
KX10_TIS_20221220_E48.16_N47.40_202200197955_L4B,2022-12-20,48.16,47.4,202200197955,L4B,train,2,1,1
KX10_TIS_20221221_W146.71_N59.43_202200198114_L4B,2022-12-21,-146.71,59.43,202200198114,L4B,train,4,0,4
KX10_TIS_20221223_E53.02_N25.92_202200199153_L4B,2022-12-23,53.02,25.92,202200199153,L4B,train,29,27,2
KX10_TIS_20221223_E99.94_N23.91_202200199082_L4B,2022-12-23,99.94,23.91,202200199082,L4B,train,2,1,1
KX10_TIS_20221224_E48.32_N30.66_202200200385_L4B,2022-12-24,48.32,30.66,202200200385,L4B,train,3,2,1
KX10_TIS_20221224_E49.22_N26.90_202200200382_L4B,2022-12-24,49.22,26.9,202200200382,L4B,train,3,3,0
KX10_TIS_20221225_E48.15_N47.72_202200201048_L4B,2022-12-25,48.15,47.72,202200201048,L4B,train,1,1,0
KX10_TIS_20221225_E48.80_N45.86_202200201046_L4B,2022-12-25,48.8,45.86,202200201046,L4B,train,1,1,0
KX10_TIS_20221225_E49.40_N44.00_202200201044_L4B,2022-12-25,49.4,44.0,202200201044,L4B,train,2,2,0
KX10_TIS_20221227_W8.83_N32.24_202200202270_L4B,2022-12-27,-8.83,32.24,202200202270,L4B,train,1,0,1
KX10_TIS_20221228_E72.55_N6.46_202200202487_L4B,2022-12-28,72.55,6.46,202200202487,L4B,train,6,0,6
KX10_TIS_20221230_E20.86_N56.16_202200205767_L4B,2022-12-30,20.86,56.16,202200205767,L4B,train,2,2,0
KX10_TIS_20221230_E25.30_N45.06_202200205754_L4B,2022-12-30,25.3,45.06,202200205754,L4B,train,4,4,0
KX10_TIS_20221230_E46.06_N52.88_202200205739_L4B,2022-12-30,46.06,52.88,202200205739,L4B,train,1,1,0
KX10_TIS_20221230_E48.22_N47.32_202200205733_L4B,2022-12-30,48.22,47.32,202200205733,L4B,train,5,3,2
KX10_TIS_20221230_E48.86_N45.46_202200205732_L4B,2022-12-30,48.86,45.46,202200205732,L4B,train,1,1,0
KX10_TIS_20221230_E51.99_N34.73_202200205720_L4B,2022-12-30,51.99,34.73,202200205720,L4B,train,7,2,5
KX10_TIS_20221230_E52.48_N32.85_202200205718_L4B,2022-12-30,52.48,32.85,202200205718,L4B,train,9,6,3
KX10_TIS_20221231_E24.64_N57.82_202300000105_L4B,2022-12-31,24.64,57.82,202300000105,L4B,train,4,0,4
KX10_TIS_20230101_E4.00_N38.88_202300000628_L4B,2023-01-01,4.0,38.88,202300000628,L4B,train,6,5,1
KX10_TIS_20230102_E30.50_N31.92_202300000880_L4B,2023-01-02,30.5,31.92,202300000880,L4B,train,1,1,0
KX10_TIS_20230102_E30.97_N33.80_202300000881_L4B,2023-01-02,30.97,33.8,202300000881,L4B,train,6,6,0
KX10_TIS_20230104_W14.31_N11.20_202300002337_L4B,2023-01-04,-14.31,11.2,202300002337,L4B,train,2,0,2
KX10_TIS_20230106_E50.67_N37.99_202300003166_L4B,2023-01-06,50.67,37.99,202300003166,L4B,train,3,1,2
KX10_TIS_20230106_E52.32_N43.60_202300003164_L4B,2023-01-06,52.32,43.6,202300003164,L4B,train,4,4,0
KX10_TIS_20230106_E52.93_N45.47_202300003159_L4B,2023-01-06,52.93,45.47,202300003159,L4B,train,12,10,2
KX10_TIS_20230107_E123.40_N26.03_202300003341_L4B,2023-01-07,123.4,26.03,202300003341,L4B,train,1,1,0
KX10_TIS_20230107_E123.83_N27.91_202300003340_L4B,2023-01-07,123.83,27.91,202300003340,L4B,train,1,1,0
KX10_TIS_20230107_E124.28_N29.80_202300003339_L4B,2023-01-07,124.28,29.8,202300003339,L4B,train,2,2,0
KX10_TIS_20230108_E11.93_N35.54_202300003627_L4B,2023-01-08,11.93,35.54,202300003627,L4B,train,1,1,0
KX10_TIS_20230108_E98.99_N11.57_202300003665_L4B,2023-01-08,98.99,11.57,202300003665,L4B,train,33,1,32
KX10_TIS_20230110_E51.82_N47.76_202300005485_L4B,2023-01-10,51.82,47.76,202300005485,L4B,train,1,1,0
KX10_TIS_20230110_W72.76_S46.21_202300004796_L4B,2023-01-10,-72.76,-46.21,202300004796,L4B,train,1,0,1
KX10_TIS_20230111_E121.52_N38.70_202300005549_L4B,2023-01-11,121.52,38.7,202300005549,L4B,train,9,9,0
KX10_TIS_20230111_W115.62_N37.82_202300005783_L4B,2023-01-11,-115.62,37.82,202300005783,L4B,train,7,7,0
KX10_TIS_20230111_W116.13_N35.95_202300005786_L4B,2023-01-11,-116.13,35.95,202300005786,L4B,train,7,6,1
KX10_TIS_20230112_E13.17_N49.36_202300007268_L4B,2023-01-12,13.17,49.36,202300007268,L4B,train,5,5,0
KX10_TIS_20230112_E13.85_N47.51_202300007267_L4B,2023-01-12,13.85,47.51,202300007267,L4B,train,11,11,0
KX10_TIS_20230119_W3.51_N50.51_202300009646_L4B,2023-01-19,-3.51,50.51,202300009646,L4B,train,2,2,0
KX10_TIS_20230120_E99.86_N37.93_202300010262_L4B,2023-01-20,99.86,37.93,202300010262,L4B,train,16,14,2
KX10_TIS_20230126_E89.81_N21.84_202300012941_L4B,2023-01-26,89.81,21.84,202300012941,L4B,validation,1,1,0
KX10_TIS_20230127_W116.26_N33.70_202300013739_L4B,2023-01-27,-116.26,33.7,202300013739,L4B,train,2,1,1
KX10_TIS_20230131_W119.90_N41.54_202300015801_L4B,2023-01-31,-119.9,41.54,202300015801,L4B,train,22,22,0
KX10_TIS_20230202_E122.03_N25.86_202300016059_L4B,2023-02-02,122.03,25.86,202300016059,L4B,train,1,1,0
KX10_TIS_20230203_E32.67_N29.96_202300017128_L4B,2023-02-03,32.67,29.96,202300017128,L4B,test,1,1,0
KX10_TIS_20230203_E33.13_N31.84_202300017126_L4B,2023-02-03,33.13,31.84,202300017126,L4B,test,2,2,0
KX10_TIS_20230205_E50.88_N44.74_202300017731_L4B,2023-02-05,50.88,44.74,202300017731,L4B,test,3,2,1
KX10_TIS_20230205_E52.58_N39.13_202300017726_L4B,2023-02-05,52.58,39.13,202300017726,L4B,test,1,1,0
KX10_TIS_20230210_W90.42_N18.57_202300019620_L4B,2023-02-10,-90.42,18.57,202300019620,L4B,train,1,0,1
KX10_TIS_20230212_E12.28_N41.51_202300020490_L4B,2023-02-12,12.28,41.51,202300020490,L4B,train,1,1,0
KX10_TIS_20230212_E36.59_N39.42_202300020487_L4B,2023-02-12,36.59,39.42,202300020487,L4B,train,11,11,0
KX10_TIS_20230214_W80.44_N42.26_202300021081_L4B,2023-02-14,-80.44,42.26,202300021081,L4B,train,7,7,0
KX10_TIS_20230218_E9.19_N43.66_202300022555_L4B,2023-02-18,9.19,43.66,202300022555,L4B,train,30,30,0
KX10_TIS_20230219_E34.06_N31.54_202300022759_L4B,2023-02-19,34.06,31.54,202300022759,L4B,train,3,3,0
KX10_TIS_20230219_W100.37_N32.72_202300022686_L4B,2023-02-19,-100.37,32.72,202300022686,L4B,train,34,30,4
KX10_TIS_20230219_W99.45_N28.96_202300022683_L4B,2023-02-19,-99.45,28.96,202300022683,L4B,train,4,4,0
KX10_TIS_20230220_E49.41_N38.33_202300023672_L4B,2023-02-20,49.41,38.33,202300023672,L4B,train,5,2,3
KX10_TIS_20230220_E49.92_N36.46_202300023674_L4B,2023-02-20,49.92,36.46,202300023674,L4B,train,4,3,1
KX10_TIS_20230223_E36.21_N55.00_202300025021_L4B,2023-02-23,36.21,55.0,202300025021,L4B,train,4,4,0
KX10_TIS_20230224_E10.50_N36.02_202300025580_L4B,2023-02-24,10.5,36.02,202300025580,L4B,test,8,7,1
KX10_TIS_20230225_E46.24_N45.50_202300026004_L4B,2023-02-25,46.24,45.5,202300026004,L4B,test,12,10,2
KX10_TIS_20230225_E48.12_N39.42_202300025998_L4B,2023-02-25,48.12,39.42,202300025998,L4B,test,8,7,1
KX10_TIS_20230226_E22.49_N45.75_202300026091_L4B,2023-02-26,22.49,45.75,202300026091,L4B,train,6,3,3
KX10_TIS_20230228_E11.81_N55.53_202300027563_L4B,2023-02-28,11.81,55.53,202300027563,L4B,train,4,4,0
KX10_TIS_20230228_W41.53_N60.43_202300027740_L4B,2023-02-28,-41.53,60.43,202300027740,L4B,train,3,1,2
KX10_TIS_20230301_E32.31_N32.33_202300028453_L4B,2023-03-01,32.31,32.33,202300028453,L4B,test,2,2,0
KX10_TIS_20230301_E32.79_N34.22_202300028454_L4B,2023-03-01,32.79,34.22,202300028454,L4B,test,1,1,0
KX10_TIS_20230301_W16.23_N27.53_202300028459_L4B,2023-03-01,-16.23,27.53,202300028459,L4B,test,1,1,0
KX10_TIS_20230301_W48.36_S13.76_202300028464_L4B,2023-03-01,-48.36,-13.76,202300028464,L4B,test,5,4,1
KX10_TIS_20230301_W75.48_N18.94_202300028549_L4B,2023-03-01,-75.48,18.94,202300028549,L4B,test,1,1,0
KX10_TIS_20230302_E21.11_N47.01_202300033250_L4B,2023-03-02,21.11,47.01,202300033250,L4B,train,3,3,0
KX10_TIS_20230302_E21.74_N45.15_202300033249_L4B,2023-03-02,21.74,45.15,202300033249,L4B,train,1,1,0
KX10_TIS_20230302_E78.84_N7.28_202300028897_L4B,2023-03-02,78.84,7.28,202300028897,L4B,train,1,1,0
KX10_TIS_20230302_E79.22_N9.17_202300028896_L4B,2023-03-02,79.22,9.17,202300028896,L4B,train,1,1,0
KX10_TIS_20230303_W90.42_N20.66_202300034517_L4B,2023-03-03,-90.42,20.66,202300034517,L4B,train,1,1,0
KX10_TIS_20230305_E12.74_N42.04_202300055197_L4B,2023-03-05,12.74,42.04,202300055197,L4B,test,9,9,0
KX10_TIS_20230307_E120.07_N29.31_202300059815_L4B,2023-03-07,120.07,29.31,202300059815,L4B,train,9,8,1
KX10_TIS_20230307_E120.94_N25.55_202300060106_L4B,2023-03-07,120.94,25.55,202300060106,L4B,train,1,1,0
KX10_TIS_20230309_E4.45_N53.10_202300083043_L4B,2023-03-09,4.45,53.1,202300083043,L4B,test,33,29,4
KX10_TIS_20230310_E27.96_N39.34_202300091668_L4B,2023-03-10,27.96,39.34,202300091668,L4B,train,31,5,26
KX10_TIS_20230310_E36.16_N40.42_202300091803_L4B,2023-03-10,36.16,40.42,202300091803,L4B,train,18,13,5
KX10_TIS_20230311_E49.88_N11.85_202300091915_L4B,2023-03-11,49.88,11.85,202300091915,L4B,train,1,1,0
KX10_TIS_20230311_E80.97_N42.82_202300091859_L4B,2023-03-11,80.97,42.82,202300091859,L4B,train,1,1,0
KX10_TIS_20230314_E168.44_N53.42_202300092568_L4A,2023-03-14,168.44,53.42,202300092568,L4A,train,36,11,25
KX10_TIS_20230314_E169.22_N51.57_202300092567_L4A,2023-03-14,169.22,51.57,202300092567,L4A,train,1,1,0
KX10_TIS_20230314_W75.50_N25.88_202300092604_L4B,2023-03-14,-75.5,25.88,202300092604,L4B,train,2,0,2
KX10_TIS_20230316_E124.01_N29.10_202300093298_L4A,2023-03-16,124.01,29.1,202300093298,L4A,train,10,8,2
KX10_TIS_20230316_E124.23_N30.03_202300093296_L4A,2023-03-16,124.23,30.03,202300093296,L4A,train,18,17,1
KX10_TIS_20230316_E124.46_N30.97_202300093299_L4A,2023-03-16,124.46,30.97,202300093299,L4A,train,107,101,6
KX10_TIS_20230316_E124.69_N31.91_202300093294_L4A,2023-03-16,124.69,31.91,202300093294,L4A,train,15,15,0
KX10_TIS_20230316_E40.06_N40.55_202300102148_L4A,2023-03-16,40.06,40.55,202300102148,L4A,train,26,18,8
KX10_TIS_20230317_E34.67_N32.45_202300103018_L4B,2023-03-17,34.67,32.45,202300103018,L4B,validation,2,2,0
KX10_TIS_20230322_E115.48_N39.60_202300140942_L4B,2023-03-22,115.48,39.6,202300140942,L4B,train,2,2,0
KX10_TIS_20230322_E116.00_N37.73_202300140941_L4B,2023-03-22,116.0,37.73,202300140941,L4B,train,5,3,2
KX10_TIS_20230322_E34.85_N35.33_202300140921_L4B,2023-03-22,34.85,35.33,202300140921,L4B,train,2,2,0
KX10_TIS_20230325_E1.54_N39.37_202300165262_L4B,2023-03-25,1.54,39.37,202300165262,L4B,validation,2,2,0
KX10_TIS_20230325_E53.90_N49.78_202300170765_L4B,2023-03-25,53.9,49.78,202300170765,L4B,validation,5,5,0
KX10_TIS_20230328_E117.94_N37.62_202300189365_L4B,2023-03-28,117.94,37.62,202300189365,L4B,validation,9,8,1
KX10_TIS_20230328_W57.73_N53.48_202300186198_L4B,2023-03-28,-57.73,53.48,202300186198,L4B,validation,3,1,2
KX10_TIS_20230329_W138.50_N61.19_202300205000_L4B,2023-03-29,-138.5,61.19,202300205000,L4B,train,8,7,1
KX10_TIS_20230330_E125.78_N39.92_202300209821_L4B,2023-03-30,125.78,39.92,202300209821,L4B,validation,1,0,1
KX10_TIS_20230331_W110.37_N53.53_202300225859_L4B,2023-03-31,-110.37,53.53,202300225859,L4B,train,5,2,3
KX10_TIS_20230401_E124.89_N34.96_202300226322_L4B,2023-04-01,124.89,34.96,202300226322,L4B,validation,1,1,0
KX10_TIS_20230401_E29.13_N31.43_202300230860_L4B,2023-04-01,29.13,31.43,202300230860,L4B,validation,2,2,0
KX10_TIS_20230401_E29.60_N33.32_202300230859_L4B,2023-04-01,29.6,33.32,202300230859,L4B,validation,5,5,0
KX10_TIS_20230401_E38.60_N42.61_202300236296_L4B,2023-04-01,38.6,42.61,202300236296,L4B,validation,3,3,0
KX10_TIS_20230401_E79.61_N42.59_202300227657_L4B,2023-04-01,79.61,42.59,202300227657,L4B,validation,1,1,0
KX10_TIS_20230402_E138.41_S32.69_202300236321_L4B,2023-04-02,138.41,-32.69,202300236321,L4B,train,1,1,0
KX10_TIS_20230402_E138.87_S30.81_202300236318_L4B,2023-04-02,138.87,-30.81,202300236318,L4B,train,1,1,0
KX10_TIS_20230402_E139.32_S28.94_202300236319_L4B,2023-04-02,139.32,-28.94,202300236319,L4B,train,1,1,0
KX10_TIS_20230402_W109.97_N27.03_202300246653_L4B,2023-04-02,-109.97,27.03,202300246653,L4B,train,1,1,0
KX10_TIS_20230402_W110.39_N25.14_202300246655_L4B,2023-04-02,-110.39,25.14,202300246655,L4B,train,2,2,0
KX10_TIS_20230402_W2.92_N36.88_202300246675_L4B,2023-04-02,-2.92,36.88,202300246675,L4B,train,1,1,0
KX10_TIS_20230402_W3.98_N40.62_202300246678_L4B,2023-04-02,-3.98,40.62,202300246678,L4B,train,2,2,0
KX10_TIS_20230403_W8.55_N36.28_202300249763_L4B,2023-04-03,-8.55,36.28,202300249763,L4B,test,11,11,0
KX10_TIS_20230407_W103.04_N56.18_202300289264_L4B,2023-04-07,-103.04,56.18,202300289264,L4B,train,3,3,0
KX10_TIS_20230408_W100.84_N39.20_202300289329_L4B,2023-04-08,-100.84,39.2,202300289329,L4B,validation,1,1,0
KX10_TIS_20230409_E51.93_N31.85_202300291263_L4B,2023-04-09,51.93,31.85,202300291263,L4B,train,5,5,0
KX10_TIS_20230409_E52.39_N29.97_202300291261_L4B,2023-04-09,52.39,29.97,202300291261,L4B,train,2,2,0
KX10_TIS_20230409_W105.23_N20.77_202300291259_L4B,2023-04-09,-105.23,20.77,202300291259,L4B,train,2,0,2
KX10_TIS_20230409_W81.32_N21.64_202300291190_L4B,2023-04-09,-81.32,21.64,202300291190,L4B,train,1,0,1
KX10_TIS_20230413_E84.27_N45.41_202300293718_L4B,2023-04-13,84.27,45.41,202300293718,L4B,train,10,8,2
KX10_TIS_20230415_E63.95_N26.31_202300299237_L4B,2023-04-15,63.95,26.31,202300299237,L4B,train,3,1,2
KX10_TIS_20230415_W71.76_N42.11_202300298485_L4B,2023-04-15,-71.76,42.11,202300298485,L4B,train,34,34,0
KX10_TIS_20230423_W81.67_N30.43_202300335886_L4B,2023-04-23,-81.67,30.43,202300335886,L4B,validation,3,3,0
KX10_TIS_20230425_E69.90_N43.69_202300339885_L4B,2023-04-25,69.9,43.69,202300339885,L4B,test,2,0,2
KX10_TIS_20230427_E142.56_S31.40_202300340635_L4B,2023-04-27,142.56,-31.4,202300340635,L4B,train,1,0,1
KX10_TIS_20230429_W25.19_N19.04_202300342387_L4B,2023-04-29,-25.19,19.04,202300342387,L4B,validation,1,1,0
KX10_TIS_20230501_E108.17_N21.92_202300342613_L4B,2023-05-01,108.17,21.92,202300342613,L4B,validation,1,1,0
KX10_TIS_20230501_E121.21_N38.05_202300342720_L4B,2023-05-01,121.21,38.05,202300342720,L4B,validation,1,1,0
KX10_TIS_20230501_E122.21_N34.30_202300342718_L4B,2023-05-01,122.21,34.3,202300342718,L4B,validation,3,3,0
KX10_TIS_20230502_E49.15_N53.39_202300343052_L4B,2023-05-02,49.15,53.39,202300343052,L4B,train,5,4,1
KX10_TIS_20230502_W36.08_S9.58_202300342998_L4B,2023-05-02,-36.08,-9.58,202300342998,L4B,train,1,0,1
KX10_TIS_20230504_W91.05_N58.04_202300343276_L4B,2023-05-04,-91.05,58.04,202300343276,L4B,train,4,0,4
KX10_TIS_20230506_E53.74_N13.25_202300345865_L4B,2023-05-06,53.74,13.25,202300345865,L4B,test,2,2,0
KX10_TIS_20230510_E127.33_N37.87_202300348105_L4B,2023-05-10,127.33,37.87,202300348105,L4B,train,10,7,3
KX10_TIS_20230510_E82.50_N46.32_202300348138_L4B,2023-05-10,82.5,46.32,202300348138,L4B,train,6,4,2
KX10_TIS_20230518_E49.28_N49.14_202300352033_L4B,2023-05-18,49.28,49.14,202300352033,L4B,validation,2,1,1
KX10_TIS_20230518_E49.95_N47.28_202300352032_L4B,2023-05-18,49.95,47.28,202300352032,L4B,validation,2,1,1
KX10_TIS_20230522_E99.29_N15.32_202300353562_L4B,2023-05-22,99.29,15.32,202300353562,L4B,train,1,1,0
KX10_TIS_20230522_W122.18_N55.76_202300353626_L4B,2023-05-22,-122.18,55.76,202300353626,L4B,train,3,1,2
KX10_TIS_20230524_E31.47_N38.61_202300354282_L4B,2023-05-24,31.47,38.61,202300354282,L4B,train,7,7,0
KX10_TIS_20230526_E124.12_N30.55_202300354499_L4B,2023-05-26,124.12,30.55,202300354499,L4B,validation,4,3,1
KX10_TIS_20230528_W81.07_N28.12_202300355129_L4B,2023-05-28,-81.07,28.12,202300355129,L4B,test,3,3,0
KX10_TIS_20230531_W72.75_N5.11_202300357274_L4B,2023-05-31,-72.75,5.11,202300357274,L4B,train,1,0,1
KX10_TIS_20230602_E48.07_N35.37_202300357861_L4B,2023-06-02,48.07,35.37,202300357861,L4B,validation,16,16,0
KX10_TIS_20230602_W62.21_N13.98_202300357797_L4B,2023-06-02,-62.21,13.98,202300357797,L4B,validation,4,0,4
KX10_TIS_20230605_E3.98_N38.16_202300358490_L4B,2023-06-05,3.98,38.16,202300358490,L4B,test,1,1,0
KX10_TIS_20230605_W67.98_N54.11_202300358311_L4B,2023-06-05,-67.98,54.11,202300358311,L4B,test,1,0,1
KX10_TIS_20230607_E116.47_N39.03_202300358558_L4B,2023-06-07,116.47,39.03,202300358558,L4B,validation,2,2,0
KX10_TIS_20230611_E47.98_N11.47_202300359025_L4B,2023-06-11,47.98,11.47,202300359025,L4B,train,1,0,1
KX10_TIS_20230612_E60.99_N46.30_202300359176_L4B,2023-06-12,60.99,46.3,202300359176,L4B,validation,5,4,1
KX10_TIS_20230614_W102.69_N21.34_202300359989_L4B,2023-06-14,-102.69,21.34,202300359989,L4B,validation,1,0,1
KX10_TIS_20230614_W65.16_N16.54_202300359896_L4B,2023-06-14,-65.16,16.54,202300359896,L4B,validation,1,0,1
KX10_TIS_20230615_E118.87_N37.21_202300360027_L4B,2023-06-15,118.87,37.21,202300360027,L4B,train,13,0,13
KX10_TIS_20230624_E110.38_N33.88_202300363485_L4B,2023-06-24,110.38,33.88,202300363485,L4B,test,5,1,4
KX10_TIS_20230625_E116.04_N38.51_202300363636_L4B,2023-06-25,116.04,38.51,202300363636,L4B,test,10,10,0
KX10_TIS_20230629_E131.45_N29.38_202300365424_L4B,2023-06-29,131.45,29.38,202300365424,L4B,test,10,6,4
KX10_TIS_20230629_W77.33_N45.77_202300365940_L4B,2023-06-29,-77.33,45.77,202300365940,L4B,test,2,2,0
KX10_TIS_20230702_E155.29_N49.95_202300367031_L4B,2023-07-02,155.29,49.95,202300367031,L4B,test,9,0,9
KX10_TIS_20230703_E81.13_N40.85_202300367097_L4B,2023-07-03,81.13,40.85,202300367097,L4B,test,9,1,8
KX10_TIS_20230704_E120.90_N24.96_202300367977_L4B,2023-07-04,120.9,24.96,202300367977,L4B,validation,1,0,1
KX10_TIS_20230704_W175.84_N51.91_202300367954_L4B,2023-07-04,-175.84,51.91,202300367954,L4B,validation,1,0,1
KX10_TIS_20230704_W80.09_N41.70_202300368008_L4B,2023-07-04,-80.09,41.7,202300368008,L4B,validation,3,2,1
KX10_TIS_20230713_E12.52_N55.33_202300371126_L4B,2023-07-13,12.52,55.33,202300371126,L4B,test,2,1,1
KX10_TIS_20230713_E15.15_N39.53_202300371153_L4B,2023-07-13,15.15,39.53,202300371153,L4B,test,2,2,0
KX10_TIS_20230714_E10.89_N38.23_202300371260_L4B,2023-07-14,10.89,38.23,202300371260,L4B,train,1,1,0
KX10_TIS_20230718_W82.02_N25.74_202300373146_L4B,2023-07-18,-82.02,25.74,202300373146,L4B,train,1,0,1
KX10_TIS_20230722_W97.54_N30.48_202300376465_L4B,2023-07-22,-97.54,30.48,202300376465,L4B,test,5,5,0
KX10_TIS_20230727_E107.67_S2.29_202300378067_L4B,2023-07-27,107.67,-2.29,202300378067,L4B,validation,5,3,2
KX10_TIS_20230802_E125.30_N54.07_202300379789_L4B,2023-08-02,125.3,54.07,202300379789,L4B,validation,11,3,8
KX10_TIS_20230803_E31.16_N43.85_202300381016_L4B,2023-08-03,31.16,43.85,202300381016,L4B,validation,2,0,2
KX10_TIS_20230804_E32.83_N33.81_202300381432_L4B,2023-08-04,32.83,33.81,202300381432,L4B,test,1,0,1
KX10_TIS_20230804_W110.96_N27.27_202300381544_L4B,2023-08-04,-110.96,27.27,202300381544,L4B,test,2,1,1
KX10_TIS_20230807_E115.25_N24.54_202300382043_L4B,2023-08-07,115.25,24.54,202300382043,L4B,validation,20,0,20
KX10_TIS_20230807_W84.46_N62.49_202300382766_L4B,2023-08-07,-84.46,62.49,202300382766,L4B,validation,19,17,2
KX10_TIS_20230808_E99.40_N38.05_202300382877_L4B,2023-08-08,99.4,38.05,202300382877,L4B,validation,5,5,0
KX10_TIS_20230811_W119.23_N37.70_202300384324_L4B,2023-08-11,-119.23,37.7,202300384324,L4B,test,5,3,2
KX10_TIS_20230812_E108.93_S1.11_202300384853_L4B,2023-08-12,108.93,-1.11,202300384853,L4B,test,20,0,20
KX10_TIS_20230813_E3.48_N37.92_202300385512_L4B,2023-08-13,3.48,37.92,202300385512,L4B,test,1,0,1
KX10_TIS_20230813_W112.20_N47.05_202300385611_L4B,2023-08-13,-112.2,47.05,202300385611,L4B,test,1,1,0
KX10_TIS_20230814_E116.03_N21.59_202300386316_L4B,2023-08-14,116.03,21.59,202300386316,L4B,train,2,0,2
KX10_TIS_20230815_W121.12_N59.77_202300386909_L4B,2023-08-15,-121.12,59.77,202300386909,L4B,test,1,0,1
KX10_TIS_20230815_W6.77_N52.50_202300386921_L4B,2023-08-15,-6.77,52.5,202300386921,L4B,test,6,5,1
KX10_TIS_20230816_E100.41_N26.01_202300387235_L4B,2023-08-16,100.41,26.01,202300387235,L4B,test,2,0,2
KX10_TIS_20230818_E10.55_N40.29_202300387944_L4B,2023-08-18,10.55,40.29,202300387944,L4B,validation,4,3,1
KX10_TIS_20230819_E6.28_N37.86_202300388065_L4B,2023-08-19,6.28,37.86,202300388065,L4B,test,4,1,3
KX10_TIS_20230819_E99.43_N31.21_202300387988_L4B,2023-08-19,99.43,31.21,202300387988,L4B,test,1,0,1
KX10_TIS_20230820_E106.36_N41.27_202300388225_L4B,2023-08-20,106.36,41.27,202300388225,L4B,validation,1,0,1
KX10_TIS_20230820_W64.57_S31.14_202300388224_L4B,2023-08-20,-64.57,-31.14,202300388224,L4B,validation,1,0,1
KX10_TIS_20230822_E21.61_N46.35_202300389673_L4B,2023-08-22,21.61,46.35,202300389673,L4B,test,9,9,0
KX10_TIS_20230823_W89.48_N34.55_202300389813_L4B,2023-08-23,-89.48,34.55,202300389813,L4B,validation,3,3,0
KX10_TIS_20230823_W95.93_N35.59_202300389873_L4B,2023-08-23,-95.93,35.59,202300389873,L4B,validation,7,3,4
KX10_TIS_20230826_E11.64_N35.37_202300390116_L4B,2023-08-26,11.64,35.37,202300390116,L4B,train,1,1,0
KX10_TIS_20230828_E3.07_N54.83_202300390420_L4B,2023-08-28,3.07,54.83,202300390420,L4B,train,1,1,0
KX10_TIS_20230828_E31.31_S24.27_202300390416_L4B,2023-08-28,31.31,-24.27,202300390416,L4B,train,1,0,1
KX10_TIS_20230830_E31.05_N43.67_202300390853_L4B,2023-08-30,31.05,43.67,202300390853,L4B,validation,2,2,0
KX10_TIS_20230901_E13.69_N36.18_202300391906_L4B,2023-09-01,13.69,36.18,202300391906,L4B,train,6,6,0
KX10_TIS_20230901_W100.49_N50.06_202300392014_L4B,2023-09-01,-100.49,50.06,202300392014,L4B,train,1,1,0
KX10_TIS_20230901_W124.12_N50.29_202300392036_L4B,2023-09-01,-124.12,50.29,202300392036,L4B,train,1,1,0
KX10_TIS_20230901_W155.33_N23.64_202300392043_L4B,2023-09-01,-155.33,23.64,202300392043,L4B,train,1,1,0
KX10_TIS_20230901_W75.68_N37.52_202300391346_L4B,2023-09-01,-75.68,37.52,202300391346,L4B,train,1,1,0
KX10_TIS_20230901_W78.08_N46.46_202300391946_L4B,2023-09-01,-78.08,46.46,202300391946,L4B,train,2,2,0
KX10_TIS_20230901_W99.75_N51.91_202300392012_L4B,2023-09-01,-99.75,51.91,202300392012,L4B,train,1,1,0
KX10_TIS_20230902_E18.61_N38.56_202300392164_L4B,2023-09-02,18.61,38.56,202300392164,L4B,train,2,2,0
KX10_TIS_20230902_E19.14_N40.43_202300392161_L4B,2023-09-02,19.14,40.43,202300392161,L4B,train,5,5,0
KX10_TIS_20230902_E19.70_N42.30_202300392162_L4B,2023-09-02,19.7,42.3,202300392162,L4B,train,7,7,0
KX10_TIS_20230902_W117.76_N55.18_202300392291_L4B,2023-09-02,-117.76,55.18,202300392291,L4B,train,2,2,0
KX10_TIS_20230902_W74.83_N43.39_202300392207_L4B,2023-09-02,-74.83,43.39,202300392207,L4B,train,1,1,0
KX10_TIS_20230902_W75.40_N41.52_202300392209_L4B,2023-09-02,-75.4,41.52,202300392209,L4B,train,2,2,0
KX10_TIS_20230902_W98.19_N44.50_202300392266_L4B,2023-09-02,-98.19,44.5,202300392266,L4B,train,1,1,0
KX10_TIS_20230902_W98.78_N42.64_202300392267_L4B,2023-09-02,-98.78,42.64,202300392267,L4B,train,1,1,0
KX10_TIS_20230903_E108.26_S5.13_202300392344_L4B,2023-09-03,108.26,-5.13,202300392344,L4B,train,4,4,0
KX10_TIS_20230903_E21.75_N34.36_202300392440_L4B,2023-09-03,21.75,34.36,202300392440,L4B,train,4,4,0
KX10_TIS_20230903_E22.24_N36.23_202300392437_L4B,2023-09-03,22.24,36.23,202300392437,L4B,train,1,1,0
KX10_TIS_20230903_E23.28_N39.98_202300392436_L4B,2023-09-03,23.28,39.98,202300392436,L4B,train,7,7,0
KX10_TIS_20230903_E30.93_N41.24_202300392565_L4B,2023-09-03,30.93,41.24,202300392565,L4B,train,3,3,0
KX10_TIS_20230903_E7.38_N40.89_202300392577_L4B,2023-09-03,7.38,40.89,202300392577,L4B,train,1,1,0
KX10_TIS_20230903_E7.66_N39.95_202300392576_L4B,2023-09-03,7.66,39.95,202300392576,L4B,train,1,1,0
KX10_TIS_20230903_E8.44_N37.14_202300392572_L4B,2023-09-03,8.44,37.14,202300392572,L4B,train,6,6,0
KX10_TIS_20230903_E8.69_N36.21_202300392570_L4B,2023-09-03,8.69,36.21,202300392570,L4B,train,4,4,0
KX10_TIS_20230903_W71.55_N40.10_202300392492_L4B,2023-09-03,-71.55,40.1,202300392492,L4B,train,2,2,0
KX10_TIS_20230903_W72.08_N38.23_202300392493_L4B,2023-09-03,-72.08,38.23,202300392493,L4B,train,4,4,0
KX10_TIS_20230904_E4.41_N41.89_202300392702_L4B,2023-09-04,4.41,41.89,202300392702,L4B,validation,8,7,1
KX10_TIS_20230907_E22.22_N55.26_202300394971_L4B,2023-09-07,22.22,55.26,202300394971,L4B,train,9,9,0
KX10_TIS_20230907_E50.02_N33.96_202300395332_L4B,2023-09-07,50.02,33.96,202300395332,L4B,train,1,1,0
KX10_TIS_20230907_E50.96_N30.20_202300395329_L4B,2023-09-07,50.96,30.2,202300395329,L4B,train,1,1,0
KX10_TIS_20230909_E93.31_N28.15_202300395668_L4B,2023-09-09,93.31,28.15,202300395668,L4B,validation,30,1,29
KX10_TIS_20230909_W89.80_N40.63_202300395648_L4B,2023-09-09,-89.8,40.63,202300395648,L4B,validation,1,0,1
KX10_TIS_20230910_W112.70_N50.89_202300395853_L4B,2023-09-10,-112.7,50.89,202300395853,L4B,train,3,0,3
KX10_TIS_20230911_E11.13_N43.51_202300396129_L4B,2023-09-11,11.13,43.51,202300396129,L4B,train,4,4,0
KX10_TIS_20230912_E42.50_N52.75_202300396365_L4B,2023-09-12,42.5,52.75,202300396365,L4B,train,32,32,0
KX10_TIS_20230912_E86.90_N44.59_202300396284_L4B,2023-09-12,86.9,44.59,202300396284,L4B,train,4,4,0
KX10_TIS_20230913_E41.37_N61.49_202300396686_L4B,2023-09-13,41.37,61.49,202300396686,L4B,train,1,1,0
KX10_TIS_20230915_E48.33_N30.05_202300397114_L4B,2023-09-15,48.33,30.05,202300397114,L4B,train,4,3,1
KX10_TIS_20230916_W81.49_N33.17_202300397241_L4B,2023-09-16,-81.49,33.17,202300397241,L4B,validation,3,0,3
KX10_TIS_20230918_E51.25_N27.86_202300398004_L4B,2023-09-18,51.25,27.86,202300398004,L4B,train,1,1,0
KX10_TIS_20230918_W101.54_N42.14_202300397962_L4B,2023-09-18,-101.54,42.14,202300397962,L4B,train,3,3,0
KX10_TIS_20230919_E1.51_N50.51_202300398283_L4B,2023-09-19,1.51,50.51,202300398283,L4B,train,39,38,1
KX10_TIS_20230919_E47.11_N54.83_202300398268_L4B,2023-09-19,47.11,54.83,202300398268,L4B,train,6,6,0
KX10_TIS_20230919_W101.62_N25.14_202300398257_L4B,2023-09-19,-101.62,25.14,202300398257,L4B,train,2,1,1
KX10_TIS_20230921_E49.89_N27.81_202300400826_L4B,2023-09-21,49.89,27.81,202300400826,L4B,train,1,1,0
KX10_TIS_20230922_E126.87_N34.11_202300400973_L4B,2023-09-22,126.87,34.11,202300400973,L4B,train,3,3,0
KX10_TIS_20230924_E0.31_N47.95_202300402791_L4B,2023-09-24,0.31,47.95,202300402791,L4B,train,91,86,5
KX10_TIS_20230924_E2.16_N42.36_202300402786_L4B,2023-09-24,2.16,42.36,202300402786,L4B,train,16,16,0
KX10_TIS_20230927_E51.90_N27.04_202300404929_L4B,2023-09-27,51.9,27.04,202300404929,L4B,train,1,1,0
KX10_TIS_20230928_E119.23_N22.92_202300405206_L4B,2023-09-28,119.23,22.92,202300405206,L4B,train,1,1,0
KX10_TIS_20230929_W121.17_N36.61_202300405391_L4B,2023-09-29,-121.17,36.61,202300405391,L4B,train,2,2,0
KX10_TIS_20231001_E53.79_N49.41_202300405990_L4B,2023-10-01,53.79,49.41,202300405990,L4B,validation,3,2,1
KX10_TIS_20231004_E15.48_N43.55_202300406661_L4B,2023-10-04,15.48,43.55,202300406661,L4B,train,6,3,3
KX10_TIS_20231004_E49.37_N27.58_202300406782_L4B,2023-10-04,49.37,27.58,202300406782,L4B,train,1,1,0
KX10_TIS_20231004_W107.97_N24.73_202300406776_L4B,2023-10-04,-107.97,24.73,202300406776,L4B,train,2,2,0
KX10_TIS_20231005_E3.58_N38.33_202300407013_L4B,2023-10-05,3.58,38.33,202300407013,L4B,validation,1,0,1
KX10_TIS_20231006_E125.46_N41.85_202300407160_L4B,2023-10-06,125.46,41.85,202300407160,L4B,train,13,9,4
KX10_TIS_20231007_E51.15_N39.91_202300407436_L4B,2023-10-07,51.15,39.91,202300407436,L4B,train,5,5,0
KX10_TIS_20231010_W79.53_N34.36_202300408353_L4B,2023-10-10,-79.53,34.36,202300408353,L4B,train,5,5,0
KX10_TIS_20231011_E34.12_S9.71_202300408492_L4B,2023-10-11,34.12,-9.71,202300408492,L4B,validation,18,3,15
KX10_TIS_20231012_E7.74_N55.91_202300408736_L4B,2023-10-12,7.74,55.91,202300408736,L4B,train,9,8,1
KX10_TIS_20231013_E29.15_N37.13_202300409017_L4B,2023-10-13,29.15,37.13,202300409017,L4B,train,1,0,1
KX10_TIS_20231014_E93.86_N23.79_202300409305_L4B,2023-10-14,93.86,23.79,202300409305,L4B,train,1,1,0
KX10_TIS_20231015_E13.21_N33.34_202300409423_L4B,2023-10-15,13.21,33.34,202300409423,L4B,validation,1,1,0
KX10_TIS_20231017_E118.65_N40.19_202300409825_L4B,2023-10-17,118.65,40.19,202300409825,L4B,validation,1,1,0
KX10_TIS_20231017_E126.32_N41.26_202300410628_L4B,2023-10-17,126.32,41.26,202300410628,L4B,validation,4,2,2
KX10_TIS_20231020_W56.41_N45.10_202300418682_L4B,2023-10-20,-56.41,45.1,202300418682,L4B,train,2,1,1
KX10_TIS_20231021_E27.28_N34.30_202300418843_L4B,2023-10-21,27.28,34.3,202300418843,L4B,train,1,0,1
KX10_TIS_20231022_E141.41_N42.84_202300418860_L4B,2023-10-22,141.41,42.84,202300418860,L4B,train,28,0,28
KX10_TIS_20231025_E33.18_N32.22_202300418554_L4B,2023-10-25,33.18,32.22,202300418554,L4B,test,1,1,0
KX10_TIS_20231025_W125.71_N54.03_202300418628_L4B,2023-10-25,-125.71,54.03,202300418628,L4B,test,1,0,1
KX10_TIS_20231026_E50.27_N30.42_202300419118_L4B,2023-10-26,50.27,30.42,202300419118,L4B,train,2,1,1
KX10_TIS_20231026_E50.72_N28.54_202300419113_L4B,2023-10-26,50.72,28.54,202300419113,L4B,train,3,3,0
KX10_TIS_20231026_E51.15_N26.66_202300419112_L4B,2023-10-26,51.15,26.66,202300419112,L4B,train,6,5,1
KX10_TIS_20231026_W76.01_N42.79_202300419083_L4B,2023-10-26,-76.01,42.79,202300419083,L4B,train,3,3,0
KX10_TIS_20231027_E56.02_N24.61_202300419658_L4B,2023-10-27,56.02,24.61,202300419658,L4B,train,1,1,0
KX10_TIS_20231027_W151.53_N62.45_202300419190_L4B,2023-10-27,-151.53,62.45,202300419190,L4B,train,1,1,0
KX10_TIS_20231028_E33.44_N38.03_202300420238_L4B,2023-10-28,33.44,38.03,202300420238,L4B,train,4,4,0
KX10_TIS_20231029_E5.76_N40.90_202300420391_L4B,2023-10-29,5.76,40.9,202300420391,L4B,validation,22,22,0
KX10_TIS_20231029_E6.91_N44.63_202300420389_L4B,2023-10-29,6.91,44.63,202300420389,L4B,validation,6,4,2
KX10_TIS_20231030_E69.56_N23.36_202300420816_L4B,2023-10-30,69.56,23.36,202300420816,L4B,train,1,1,0
KX10_TIS_20231101_E53.88_N27.01_202300421650_L4B,2023-11-01,53.88,27.01,202300421650,L4B,train,3,2,1
KX10_TIS_20231101_W100.40_N37.77_202300421642_L4B,2023-11-01,-100.4,37.77,202300421642,L4B,train,12,11,1
KX10_TIS_20231102_E59.34_N22.39_202300421948_L4B,2023-11-02,59.34,22.39,202300421948,L4B,train,6,6,0
KX10_TIS_20231104_E52.39_N26.80_202300422488_L4B,2023-11-04,52.39,26.8,202300422488,L4B,train,8,6,2
KX10_TIS_20231106_E122.42_N31.45_202300423333_L4B,2023-11-06,122.42,31.45,202300423333,L4B,train,3,2,1
KX10_TIS_20231106_E52.15_N27.92_202300423475_L4B,2023-11-06,52.15,27.92,202300423475,L4B,train,1,1,0
KX10_TIS_20231109_E26.80_N24.94_202300424077_L4B,2023-11-09,26.8,24.94,202300424077,L4B,train,1,0,1
KX10_TIS_20231109_E63.03_N37.76_202300424156_L4B,2023-11-09,63.03,37.76,202300424156,L4B,train,1,0,1
KX10_TIS_20231111_E48.93_N35.23_202300424721_L4B,2023-11-11,48.93,35.23,202300424721,L4B,test,8,7,1
KX10_TIS_20231111_E49.41_N33.35_202300424720_L4B,2023-11-11,49.41,33.35,202300424720,L4B,test,6,5,1
KX10_TIS_20231111_E49.87_N31.48_202300424719_L4B,2023-11-11,49.87,31.48,202300424719,L4B,test,1,1,0
KX10_TIS_20231111_E50.33_N29.60_202300424718_L4B,2023-11-11,50.33,29.6,202300424718,L4B,test,6,4,2
KX10_TIS_20231111_E50.77_N27.72_202300424717_L4B,2023-11-11,50.77,27.72,202300424717,L4B,test,31,30,1
KX10_TIS_20231111_E51.20_N25.84_202300424716_L4B,2023-11-11,51.2,25.84,202300424716,L4B,test,41,39,2
KX10_TIS_20231111_W0.02_N40.78_202300424730_L4B,2023-11-11,-0.02,40.78,202300424730,L4B,test,22,20,2
KX10_TIS_20231112_E51.87_N40.75_202300425009_L4B,2023-11-12,51.87,40.75,202300425009,L4B,train,5,4,1
KX10_TIS_20231112_E52.92_N37.01_202300425008_L4B,2023-11-12,52.92,37.01,202300425008,L4B,train,14,14,0
KX10_TIS_20231112_E53.41_N35.13_202300425005_L4B,2023-11-12,53.41,35.13,202300425005,L4B,train,11,8,3
KX10_TIS_20231112_E54.36_N31.38_202300425004_L4B,2023-11-12,54.36,31.38,202300425004,L4B,train,3,2,1
KX10_TIS_20231116_E105.44_N24.86_202300427946_L4B,2023-11-16,105.44,24.86,202300427946,L4B,validation,2,0,2
KX10_TIS_20231116_E12.50_N32.81_202300428602_L4B,2023-11-16,12.5,32.81,202300428602,L4B,validation,1,1,0
KX10_TIS_20231119_E4.55_N41.39_202300432631_L4B,2023-11-19,4.55,41.39,202300432631,L4B,train,16,16,0
KX10_TIS_20231121_E48.13_N27.47_202300433480_L4B,2023-11-21,48.13,27.47,202300433480,L4B,train,3,1,2
KX10_TIS_20231122_E52.73_N26.98_202300433750_L4B,2023-11-22,52.73,26.98,202300433750,L4B,train,1,1,0
KX10_TIS_20231122_E53.15_N25.10_202300433749_L4B,2023-11-22,53.15,25.1,202300433749,L4B,train,15,13,2
KX10_TIS_20231122_E53.57_N23.22_202300433747_L4B,2023-11-22,53.57,23.22,202300433747,L4B,train,8,8,0
KX10_TIS_20231124_E56.79_N45.19_202300434200_L4B,2023-11-24,56.79,45.19,202300434200,L4B,train,8,8,0
KX10_TIS_20231126_E46.31_N29.92_202300434999_L4B,2023-11-26,46.31,29.92,202300434999,L4B,train,4,4,0
KX10_TIS_20231127_E89.03_N45.18_202300435071_L4B,2023-11-27,89.03,45.18,202300435071,L4B,train,8,7,1
KX10_TIS_20231130_W82.18_N29.05_202300435855_L4B,2023-11-30,-82.18,29.05,202300435855,L4B,train,20,19,1
KX10_TIS_20231201_E43.07_N38.00_202300436210_L4B,2023-12-01,43.07,38.0,202300436210,L4B,test,2,2,0
KX10_TIS_20231202_E51.32_N22.60_202300436476_L4B,2023-12-02,51.32,22.6,202300436476,L4B,train,2,2,0
KX10_TIS_20231202_E58.52_N23.70_202300436348_L4B,2023-12-02,58.52,23.7,202300436348,L4B,train,1,1,0
KX10_TIS_20231203_E52.50_N36.54_202300436765_L4B,2023-12-03,52.5,36.54,202300436765,L4B,train,2,2,0
KX10_TIS_20231203_E53.36_N33.27_202300436757_L4B,2023-12-03,53.36,33.27,202300436757,L4B,train,3,2,1
KX10_TIS_20231204_E118.11_N36.77_202300436823_L4B,2023-12-04,118.11,36.77,202300436823,L4B,train,4,4,0
KX10_TIS_20231205_E49.05_N26.62_202300437228_L4B,2023-12-05,49.05,26.62,202300437228,L4B,train,3,2,1
KX10_TIS_20231205_E49.48_N28.51_202300437230_L4B,2023-12-05,49.48,28.51,202300437230,L4B,train,3,2,1
KX10_TIS_20231205_E49.70_N29.45_202300437225_L4B,2023-12-05,49.7,29.45,202300437225,L4B,train,3,3,0
KX10_TIS_20231207_E74.46_N19.36_202300437873_L4B,2023-12-07,74.46,19.36,202300437873,L4B,train,1,0,1
KX10_TIS_20231208_E90.16_N42.61_202300437970_L4B,2023-12-08,90.16,42.61,202300437970,L4B,train,6,4,2
KX10_TIS_20231211_E50.41_N23.39_202300438921_L4B,2023-12-11,50.41,23.39,202300438921,L4B,train,1,1,0
KX10_TIS_20231211_E51.26_N27.16_202300438918_L4B,2023-12-11,51.26,27.16,202300438918,L4B,train,54,52,2
KX10_TIS_20231212_W66.15_N13.07_202300439302_L4B,2023-12-12,-66.15,13.07,202300439302,L4B,test,1,0,1
KX10_TIS_20231213_E51.40_N23.20_202300439640_L4B,2023-12-13,51.4,23.2,202300439640,L4B,train,5,5,0
KX10_TIS_20231214_E105.37_S1.81_202300439730_L4B,2023-12-14,105.37,-1.81,202300439730,L4B,test,1,1,0
KX10_TIS_20231214_W103.32_N21.97_202300439956_L4B,2023-12-14,-103.32,21.97,202300439956,L4B,test,10,8,2
KX10_TIS_20231219_E48.36_N41.67_202300441454_L4B,2023-12-19,48.36,41.67,202300441454,L4B,test,3,1,2
KX10_TIS_20231219_E48.91_N39.80_202300441451_L4B,2023-12-19,48.91,39.8,202300441451,L4B,test,2,1,1
KX10_TIS_20231220_E75.03_N45.48_202300441665_L4B,2023-12-20,75.03,45.48,202300441665,L4B,train,1,0,1
KX10_TIS_20231221_E44.22_N19.42_202300441906_L4B,2023-12-21,44.22,19.42,202300441906,L4B,train,1,0,1
KX10_TIS_20231222_E13.97_N40.15_202300442402_L4B,2023-12-22,13.97,40.15,202300442402,L4B,train,2,1,1
KX10_TIS_20231222_E14.50_N38.28_202300442401_L4B,2023-12-22,14.5,38.28,202300442401,L4B,train,2,1,1
KX10_TIS_20231223_E32.50_N34.70_202300442587_L4B,2023-12-23,32.5,34.7,202300442587,L4B,train,1,1,0
KX10_TIS_20231223_E51.68_N14.60_202300442561_L4B,2023-12-23,51.68,14.6,202300442561,L4B,train,2,2,0
KX10_TIS_20231223_E53.26_N22.15_202300442557_L4B,2023-12-23,53.26,22.15,202300442557,L4B,train,2,2,0
KX10_TIS_20231223_E53.67_N24.04_202300442556_L4B,2023-12-23,53.67,24.04,202300442556,L4B,train,2,1,1
KX10_TIS_20231225_E109.53_N23.89_202300443134_L4B,2023-12-25,109.53,23.89,202300443134,L4B,train,34,33,1
KX10_TIS_20231225_E28.92_N31.64_202300443425_L4B,2023-12-25,28.92,31.64,202300443425,L4B,train,3,1,2
KX10_TIS_20231225_E97.54_N41.12_202300443322_L4B,2023-12-25,97.54,41.12,202300443322,L4B,train,4,4,0
KX10_TIS_20231227_E48.07_N29.23_202300443909_L4B,2023-12-27,48.07,29.23,202300443909,L4B,train,12,7,5
KX10_TIS_20231227_E48.53_N31.11_202300443908_L4B,2023-12-27,48.53,31.11,202300443908,L4B,train,3,3,0
KX10_TIS_20231227_E49.97_N36.74_202300443905_L4B,2023-12-27,49.97,36.74,202300443905,L4B,train,3,3,0
KX10_TIS_20231227_E50.48_N38.61_202300443904_L4B,2023-12-27,50.48,38.61,202300443904,L4B,train,3,3,0
KX10_TIS_20231228_E101.23_N35.20_202300444124_L4B,2023-12-28,101.23,35.2,202300444124,L4B,train,3,1,2
KX10_TIS_20231228_E3.78_N24.45_202300444257_L4B,2023-12-28,3.78,24.45,202300444257,L4B,train,2,0,2
KX10_TIS_20231228_E51.47_N25.56_202300444232_L4B,2023-12-28,51.47,25.56,202300444232,L4B,train,40,38,2
KX10_TIS_20231228_E51.89_N27.44_202300444230_L4B,2023-12-28,51.89,27.44,202300444230,L4B,train,11,11,0
KX10_TIS_20231228_E52.33_N29.32_202300444228_L4B,2023-12-28,52.33,29.32,202300444228,L4B,train,9,6,3
KX10_TIS_20231228_E76.23_N30.05_202300444166_L4B,2023-12-28,76.23,30.05,202300444166,L4B,train,2,1,1
KX10_TIS_20231229_E71.68_N22.60_202300444635_L4B,2023-12-29,71.68,22.6,202300444635,L4B,train,4,4,0
KX10_TIS_20231230_E108.96_N32.22_202400000128_L4B,2023-12-30,108.96,32.22,202400000128,L4B,train,3,3,0
KX10_TIS_20240101_E103.96_N39.60_202400000347_L4B,2024-01-01,103.96,39.6,202400000347,L4B,validation,16,0,16
KX10_TIS_20240101_E104.48_N37.73_202400000345_L4B,2024-01-01,104.48,37.73,202400000345,L4B,validation,65,0,65
KX10_TIS_20240101_E105.47_N33.99_202400000342_L4B,2024-01-01,105.47,33.99,202400000342,L4B,validation,44,4,40
KX10_TIS_20240101_E116.84_N29.71_202400000203_L4B,2024-01-01,116.84,29.71,202400000203,L4B,validation,18,6,12
KX10_TIS_20240101_E117.29_N31.59_202400000202_L4B,2024-01-01,117.29,31.59,202400000202,L4B,validation,22,11,11
KX10_TIS_20240101_E117.76_N33.47_202400000199_L4B,2024-01-01,117.76,33.47,202400000199,L4B,validation,10,0,10
KX10_TIS_20240101_E118.24_N35.35_202400000198_L4B,2024-01-01,118.24,35.35,202400000198,L4B,validation,10,1,9
KX10_TIS_20240101_E118.74_N37.23_202400000197_L4B,2024-01-01,118.74,37.23,202400000197,L4B,validation,20,10,10
KX10_TIS_20240101_E129.28_N33.61_202400000313_L4B,2024-01-01,129.28,33.61,202400000313,L4B,validation,13,0,13
KX10_TIS_20240101_E129.75_N31.74_202400000312_L4B,2024-01-01,129.75,31.74,202400000312,L4B,validation,5,0,5
KX10_TIS_20240101_E130.21_N29.87_202400000310_L4B,2024-01-01,130.21,29.87,202400000310,L4B,validation,7,1,6
KX10_TIS_20240101_E130.64_N27.98_202400000308_L4B,2024-01-01,130.64,27.98,202400000308,L4B,validation,11,0,11
KX10_TIS_20240101_E131.07_N26.10_202400000306_L4B,2024-01-01,131.07,26.1,202400000306,L4B,validation,65,1,64
KX10_TIS_20240101_E16.57_N6.50_202400000448_L4B,2024-01-01,16.57,6.5,202400000448,L4B,validation,7,0,7
KX10_TIS_20240101_E16.94_N4.61_202400000443_L4B,2024-01-01,16.94,4.61,202400000443,L4B,validation,10,1,9
KX10_TIS_20240101_E34.79_N32.09_202400000438_L4B,2024-01-01,34.79,32.09,202400000438,L4B,validation,59,4,55
KX10_TIS_20240101_E35.25_N30.22_202400000437_L4B,2024-01-01,35.25,30.22,202400000437,L4B,validation,202,2,200
KX10_TIS_20240101_E36.13_N26.45_202400000433_L4B,2024-01-01,36.13,26.45,202400000433,L4B,validation,67,0,67
KX10_TIS_20240101_E36.55_N24.57_202400000432_L4B,2024-01-01,36.55,24.57,202400000432,L4B,validation,64,0,64
KX10_TIS_20240101_E83.48_N26.81_202400000364_L4B,2024-01-01,83.48,26.81,202400000364,L4B,validation,50,0,50
KX10_TIS_20240101_E83.91_N24.93_202400000363_L4B,2024-01-01,83.91,24.93,202400000363,L4B,validation,10,0,10
KX10_TIS_20240101_E84.33_N23.05_202400000361_L4B,2024-01-01,84.33,23.05,202400000361,L4B,validation,10,0,10
KX10_TIS_20240101_E84.73_N21.16_202400000359_L4B,2024-01-01,84.73,21.16,202400000359,L4B,validation,6,0,6
KX10_TIS_20240101_E85.13_N19.27_202400000358_L4B,2024-01-01,85.13,19.27,202400000358,L4B,validation,22,0,22
KX10_TIS_20240101_E91.32_N21.75_202400000237_L4B,2024-01-01,91.32,21.75,202400000237,L4B,validation,52,1,51
KX10_TIS_20240101_E91.73_N23.63_202400000236_L4B,2024-01-01,91.73,23.63,202400000236,L4B,validation,33,0,33
KX10_TIS_20240101_E92.15_N25.52_202400000235_L4B,2024-01-01,92.15,25.52,202400000235,L4B,validation,14,1,13
KX10_TIS_20240101_E92.58_N27.40_202400000234_L4B,2024-01-01,92.58,27.4,202400000234,L4B,validation,22,0,22
KX10_TIS_20240101_E93.36_N30.69_202400000220_L4B,2024-01-01,93.36,30.69,202400000220,L4B,validation,5,1,4
KX10_TIS_20240101_E93.82_N32.57_202400000215_L4B,2024-01-01,93.82,32.57,202400000215,L4B,validation,8,0,8
KX10_TIS_20240101_E95.29_N38.19_202400000214_L4B,2024-01-01,95.29,38.19,202400000214,L4B,validation,34,2,32
KX10_TIS_20240101_E95.82_N40.06_202400000210_L4B,2024-01-01,95.82,40.06,202400000210,L4B,validation,34,5,29
KX10_TIS_20240101_W5.57_N12.00_202400000301_L4B,2024-01-01,-5.57,12.0,202400000301,L4B,validation,8,0,8
KX10_TIS_20240102_E115.65_N6.94_202400000671_L4B,2024-01-02,115.65,6.94,202400000671,L4B,test,12,1,11
KX10_TIS_20240102_E115.84_N6.00_202400000670_L4B,2024-01-02,115.84,6.0,202400000670,L4B,test,5,0,5
KX10_TIS_20240102_E116.03_N5.05_202400000669_L4B,2024-01-02,116.03,5.05,202400000669,L4B,test,18,13,5
KX10_TIS_20240102_E116.21_N4.11_202400000672_L4B,2024-01-02,116.21,4.11,202400000672,L4B,test,8,0,8
KX10_TIS_20240102_E116.58_N2.22_202400000667_L4B,2024-01-02,116.58,2.22,202400000667,L4B,test,5,0,5
KX10_TIS_20240102_E117.79_N14.59_202400000489_L4B,2024-01-02,117.79,14.59,202400000489,L4B,test,10,2,8
KX10_TIS_20240102_E118.17_N16.48_202400000487_L4B,2024-01-02,118.17,16.48,202400000487,L4B,test,10,3,7
KX10_TIS_20240102_E118.56_N18.37_202400000485_L4B,2024-01-02,118.56,18.37,202400000485,L4B,test,11,2,9
KX10_TIS_20240102_E118.96_N20.25_202400000483_L4B,2024-01-02,118.96,20.25,202400000483,L4B,test,12,0,12
KX10_TIS_20240102_E21.81_N9.04_202400000641_L4B,2024-01-02,21.81,9.04,202400000641,L4B,test,13,1,12
KX10_TIS_20240102_E29.70_N58.59_202400000776_L4B,2024-01-02,29.7,58.59,202400000776,L4B,test,7,1,6
KX10_TIS_20240102_E30.67_N56.76_202400000774_L4B,2024-01-02,30.67,56.76,202400000774,L4B,test,14,11,3
KX10_TIS_20240102_E31.56_N54.92_202400000775_L4B,2024-01-02,31.56,54.92,202400000775,L4B,test,122,116,6
KX10_TIS_20240102_E32.39_N53.07_202400000773_L4B,2024-01-02,32.39,53.07,202400000773,L4B,test,15,3,12
KX10_TIS_20240102_E62.99_N31.17_202400000738_L4B,2024-01-02,62.99,31.17,202400000738,L4B,test,15,1,14
KX10_TIS_20240102_E63.44_N29.29_202400000736_L4B,2024-01-02,63.44,29.29,202400000736,L4B,test,29,0,29
KX10_TIS_20240102_E63.87_N27.41_202400000735_L4B,2024-01-02,63.87,27.41,202400000735,L4B,test,9,1,8
KX10_TIS_20240102_E64.30_N25.53_202400000733_L4B,2024-01-02,64.3,25.53,202400000733,L4B,test,13,1,12
KX10_TIS_20240102_E71.63_N20.71_202400000628_L4B,2024-01-02,71.63,20.71,202400000628,L4B,test,14,0,14
KX10_TIS_20240102_E72.25_N23.54_202400000571_L4B,2024-01-02,72.25,23.54,202400000571,L4B,test,15,0,15
KX10_TIS_20240102_E72.66_N25.42_202400000570_L4B,2024-01-02,72.66,25.42,202400000570,L4B,test,11,0,11
KX10_TIS_20240102_E73.09_N27.30_202400000569_L4B,2024-01-02,73.09,27.3,202400000569,L4B,test,19,1,18
KX10_TIS_20240102_E73.53_N29.17_202400000568_L4B,2024-01-02,73.53,29.17,202400000568,L4B,test,9,0,9
KX10_TIS_20240102_E73.98_N31.06_202400000567_L4B,2024-01-02,73.98,31.06,202400000567,L4B,test,10,0,10
KX10_TIS_20240102_E84.69_N38.91_202400000712_L4B,2024-01-02,84.69,38.91,202400000712,L4B,test,11,2,9
KX10_TIS_20240102_E85.21_N37.04_202400000709_L4B,2024-01-02,85.21,37.04,202400000709,L4B,test,12,2,10
KX10_TIS_20240102_E87.53_N27.65_202400000703_L4B,2024-01-02,87.53,27.65,202400000703,L4B,test,4,0,4
KX10_TIS_20240102_E87.96_N25.77_202400000699_L4B,2024-01-02,87.96,25.77,202400000699,L4B,test,2,0,2
KX10_TIS_20240102_E88.39_N23.89_202400000700_L4B,2024-01-02,88.39,23.89,202400000700,L4B,test,4,0,4
KX10_TIS_20240102_E88.80_N22.00_202400000694_L4B,2024-01-02,88.8,22.0,202400000694,L4B,test,3,0,3
KX10_TIS_20240102_E89.21_N20.11_202400000696_L4B,2024-01-02,89.21,20.11,202400000696,L4B,test,6,0,6
KX10_TIS_20240102_E94.22_N15.29_202400000566_L4B,2024-01-02,94.22,15.29,202400000566,L4B,test,5,0,5
KX10_TIS_20240103_E52.37_N21.68_202400000943_L4B,2024-01-03,52.37,21.68,202400000943,L4B,train,2,2,0
KX10_TIS_20240107_E120.87_N38.39_202400002074_L4B,2024-01-07,120.87,38.39,202400002074,L4B,train,7,5,2
KX10_TIS_20240108_E41.28_N30.38_202400002679_L4B,2024-01-08,41.28,30.38,202400002679,L4B,train,7,7,0
KX10_TIS_20240108_E50.92_N26.09_202400002476_L4B,2024-01-08,50.92,26.09,202400002476,L4B,train,5,1,4
KX10_TIS_20240108_E51.35_N27.96_202400002477_L4B,2024-01-08,51.35,27.96,202400002477,L4B,train,4,3,1
KX10_TIS_20240108_E9.31_N55.67_202400002681_L4B,2024-01-08,9.31,55.67,202400002681,L4B,train,8,4,4
KX10_TIS_20240109_E14.36_N53.97_202400002974_L4B,2024-01-09,14.36,53.97,202400002974,L4B,train,4,1,3
KX10_TIS_20240109_E17.96_N57.53_202400002852_L4B,2024-01-09,17.96,57.53,202400002852,L4B,train,10,7,3
KX10_TIS_20240110_E50.30_N28.33_202400003281_L4B,2024-01-10,50.3,28.33,202400003281,L4B,test,24,23,1
KX10_TIS_20240110_E50.73_N26.44_202400003279_L4B,2024-01-10,50.73,26.44,202400003279,L4B,test,189,184,5
KX10_TIS_20240110_W102.79_N40.89_202400003248_L4B,2024-01-10,-102.79,40.89,202400003248,L4B,test,3,2,1
KX10_TIS_20240115_E118.67_N30.13_202400004746_L4B,2024-01-15,118.67,30.13,202400004746,L4B,train,7,0,7
KX10_TIS_20240115_E119.12_N28.25_202400004745_L4B,2024-01-15,119.12,28.25,202400004745,L4B,train,8,0,8
KX10_TIS_20240115_E119.55_N26.36_202400004744_L4B,2024-01-15,119.55,26.36,202400004744,L4B,train,16,0,16
KX10_TIS_20240115_E128.42_N26.91_202400004593_L4B,2024-01-15,128.42,26.91,202400004593,L4B,train,10,0,10
KX10_TIS_20240115_E128.85_N28.79_202400004591_L4B,2024-01-15,128.85,28.79,202400004591,L4B,train,11,1,10
KX10_TIS_20240115_E129.30_N30.67_202400004590_L4B,2024-01-15,129.3,30.67,202400004590,L4B,train,16,1,15
KX10_TIS_20240115_E129.76_N32.55_202400004588_L4B,2024-01-15,129.76,32.55,202400004588,L4B,train,9,0,9
KX10_TIS_20240115_E139.81_N39.95_202400004743_L4B,2024-01-15,139.81,39.95,202400004743,L4B,train,10,0,10
KX10_TIS_20240115_E140.34_N38.08_202400004742_L4B,2024-01-15,140.34,38.08,202400004742,L4B,train,8,0,8
KX10_TIS_20240115_E141.34_N34.33_202400004740_L4B,2024-01-15,141.34,34.33,202400004740,L4B,train,14,0,14
KX10_TIS_20240115_E33.93_N28.51_202400004768_L4B,2024-01-15,33.93,28.51,202400004768,L4B,train,8,1,7
KX10_TIS_20240115_E34.38_N30.39_202400004767_L4B,2024-01-15,34.38,30.39,202400004767,L4B,train,14,1,13
KX10_TIS_20240115_E34.84_N32.26_202400004766_L4B,2024-01-15,34.84,32.26,202400004766,L4B,train,14,0,14
KX10_TIS_20240115_E35.30_N34.15_202400004765_L4B,2024-01-15,35.3,34.15,202400004765,L4B,train,7,0,7
KX10_TIS_20240115_E35.79_N36.02_202400004764_L4B,2024-01-15,35.79,36.02,202400004764,L4B,train,10,1,9
KX10_TIS_20240115_E36.30_N37.90_202400004763_L4B,2024-01-15,36.3,37.9,202400004763,L4B,train,12,0,12
KX10_TIS_20240115_E36.83_N39.76_202400004762_L4B,2024-01-15,36.83,39.76,202400004762,L4B,train,16,8,8
KX10_TIS_20240115_E37.38_N41.64_202400004761_L4B,2024-01-15,37.38,41.64,202400004761,L4B,train,32,22,10
KX10_TIS_20240115_E44.38_N41.92_202400004911_L4B,2024-01-15,44.38,41.92,202400004911,L4B,train,14,8,6
KX10_TIS_20240115_E44.93_N40.05_202400004910_L4B,2024-01-15,44.93,40.05,202400004910,L4B,train,10,1,9
KX10_TIS_20240115_E45.46_N38.17_202400004908_L4B,2024-01-15,45.46,38.17,202400004908,L4B,train,19,5,14
KX10_TIS_20240115_E45.97_N36.30_202400004906_L4B,2024-01-15,45.97,36.3,202400004906,L4B,train,14,2,12
KX10_TIS_20240115_E46.46_N34.43_202400004904_L4B,2024-01-15,46.46,34.43,202400004904,L4B,train,9,1,8
KX10_TIS_20240115_E46.93_N32.55_202400004903_L4B,2024-01-15,46.93,32.55,202400004903,L4B,train,9,1,8
KX10_TIS_20240115_E47.40_N30.67_202400004901_L4B,2024-01-15,47.4,30.67,202400004901,L4B,train,10,2,8
KX10_TIS_20240115_E47.84_N28.80_202400004900_L4B,2024-01-15,47.84,28.8,202400004900,L4B,train,51,28,23
KX10_TIS_20240115_E5.29_N5.05_202400004731_L4B,2024-01-15,5.29,5.05,202400004731,L4B,train,10,3,7
KX10_TIS_20240115_E5.67_N6.94_202400004730_L4B,2024-01-15,5.67,6.94,202400004730,L4B,train,13,1,12
KX10_TIS_20240115_E6.04_N8.83_202400004729_L4B,2024-01-15,6.04,8.83,202400004729,L4B,train,8,0,8
KX10_TIS_20240115_E61.68_N43.55_202400004680_L4B,2024-01-15,61.68,43.55,202400004680,L4B,train,159,0,159
KX10_TIS_20240115_E62.28_N45.42_202400004678_L4B,2024-01-15,62.28,45.42,202400004678,L4B,train,46,0,46
KX10_TIS_20240115_E62.91_N47.28_202400004679_L4B,2024-01-15,62.91,47.28,202400004679,L4B,train,12,0,12
KX10_TIS_20240115_E64.30_N50.99_202400004677_L4B,2024-01-15,64.3,50.99,202400004677,L4B,train,9,0,9
KX10_TIS_20240115_E65.07_N52.84_202400004674_L4B,2024-01-15,65.07,52.84,202400004674,L4B,train,8,1,7
KX10_TIS_20240115_E65.89_N54.69_202400004675_L4B,2024-01-15,65.89,54.69,202400004675,L4B,train,8,0,8
KX10_TIS_20240115_E66.77_N56.52_202400004672_L4B,2024-01-15,66.77,56.52,202400004672,L4B,train,12,3,9
KX10_TIS_20240115_E67.74_N58.36_202400004673_L4B,2024-01-15,67.74,58.36,202400004673,L4B,train,43,32,11
KX10_TIS_20240115_E72.82_N23.22_202400004836_L4B,2024-01-15,72.82,23.22,202400004836,L4B,train,11,2,9
KX10_TIS_20240115_E73.23_N21.34_202400004834_L4B,2024-01-15,73.23,21.34,202400004834,L4B,train,6,0,6
KX10_TIS_20240115_E73.63_N19.45_202400004833_L4B,2024-01-15,73.63,19.45,202400004833,L4B,train,11,0,11
KX10_TIS_20240115_E74.03_N17.56_202400004831_L4B,2024-01-15,74.03,17.56,202400004831,L4B,train,12,1,11
KX10_TIS_20240115_E74.42_N15.67_202400004829_L4B,2024-01-15,74.42,15.67,202400004829,L4B,train,13,1,12
KX10_TIS_20240115_E74.80_N13.79_202400004827_L4B,2024-01-15,74.8,13.79,202400004827,L4B,train,20,7,13
KX10_TIS_20240115_E75.18_N11.90_202400004825_L4B,2024-01-15,75.18,11.9,202400004825,L4B,train,8,2,6
KX10_TIS_20240115_E75.55_N10.01_202400004824_L4B,2024-01-15,75.55,10.01,202400004824,L4B,train,12,1,11
KX10_TIS_20240115_E75.93_N8.13_202400004822_L4B,2024-01-15,75.93,8.13,202400004822,L4B,train,15,0,15
KX10_TIS_20240115_E77.28_N9.34_202400004671_L4B,2024-01-15,77.28,9.34,202400004671,L4B,train,16,0,16
KX10_TIS_20240115_E77.66_N11.23_202400004670_L4B,2024-01-15,77.66,11.23,202400004670,L4B,train,7,0,7
KX10_TIS_20240115_E78.04_N13.12_202400004669_L4B,2024-01-15,78.04,13.12,202400004669,L4B,train,9,0,9
KX10_TIS_20240115_E78.43_N15.00_202400004668_L4B,2024-01-15,78.43,15.0,202400004668,L4B,train,10,0,10
KX10_TIS_20240115_E78.82_N16.90_202400004667_L4B,2024-01-15,78.82,16.9,202400004667,L4B,train,7,0,7
KX10_TIS_20240115_E79.21_N18.78_202400004666_L4B,2024-01-15,79.21,18.78,202400004666,L4B,train,5,0,5
KX10_TIS_20240115_E79.61_N20.67_202400004665_L4B,2024-01-15,79.61,20.67,202400004665,L4B,train,14,2,12
KX10_TIS_20240115_E80.32_N23.97_202400004655_L4B,2024-01-15,80.32,23.97,202400004655,L4B,train,14,1,13
KX10_TIS_20240115_E80.74_N25.85_202400004653_L4B,2024-01-15,80.74,25.85,202400004653,L4B,train,9,3,6
KX10_TIS_20240115_E81.17_N27.73_202400004651_L4B,2024-01-15,81.17,27.73,202400004651,L4B,train,11,1,10
KX10_TIS_20240115_E97.98_N16.37_202400004813_L4B,2024-01-15,97.98,16.37,202400004813,L4B,train,12,0,12
KX10_TIS_20240115_E98.37_N14.48_202400004811_L4B,2024-01-15,98.37,14.48,202400004811,L4B,train,10,0,10
KX10_TIS_20240115_E98.75_N12.60_202400004808_L4B,2024-01-15,98.75,12.6,202400004808,L4B,train,14,4,10
KX10_TIS_20240115_E99.13_N10.71_202400004807_L4B,2024-01-15,99.13,10.71,202400004807,L4B,train,6,2,4
KX10_TIS_20240115_W0.80_N62.57_202400004732_L4B,2024-01-15,-0.8,62.57,202400004732,L4B,train,6,0,6
KX10_TIS_20240115_W2.00_N60.76_202400004733_L4B,2024-01-15,-2.0,60.76,202400004733,L4B,train,13,0,13
KX10_TIS_20240115_W3.09_N58.93_202400004734_L4B,2024-01-15,-3.09,58.93,202400004734,L4B,train,11,1,10
KX10_TIS_20240115_W38.40_N65.78_202400004947_L4B,2024-01-15,-38.4,65.78,202400004947,L4B,train,30,0,30
KX10_TIS_20240115_W4.08_N57.10_202400004735_L4B,2024-01-15,-4.08,57.1,202400004735,L4B,train,12,1,11
KX10_TIS_20240115_W4.98_N55.26_202400004736_L4B,2024-01-15,-4.98,55.26,202400004736,L4B,train,4,4,0
KX10_TIS_20240115_W5.82_N53.42_202400004737_L4B,2024-01-15,-5.82,53.42,202400004737,L4B,train,92,81,11
KX10_TIS_20240115_W6.60_N51.57_202400004738_L4B,2024-01-15,-6.6,51.57,202400004738,L4B,train,102,94,8
KX10_TIS_20240115_W7.34_N49.71_202400004739_L4B,2024-01-15,-7.34,49.71,202400004739,L4B,train,18,6,12
KX10_TIS_20240115_W70.68_N8.35_202400004622_L4B,2024-01-15,-70.68,8.35,202400004622,L4B,train,10,1,9
KX10_TIS_20240115_W71.43_N12.13_202400004626_L4B,2024-01-15,-71.43,12.13,202400004626,L4B,train,17,0,17
KX10_TIS_20240115_W71.82_N14.02_202400004627_L4B,2024-01-15,-71.82,14.02,202400004627,L4B,train,11,0,11
KX10_TIS_20240115_W72.59_N17.79_202400004630_L4B,2024-01-15,-72.59,17.79,202400004630,L4B,train,12,1,11
KX10_TIS_20240115_W72.99_N19.68_202400004631_L4B,2024-01-15,-72.99,19.68,202400004631,L4B,train,18,0,18
KX10_TIS_20240115_W73.39_N21.56_202400004634_L4B,2024-01-15,-73.39,21.56,202400004634,L4B,train,19,11,8
KX10_TIS_20240115_W73.80_N23.45_202400004636_L4B,2024-01-15,-73.8,23.45,202400004636,L4B,train,16,12,4
KX10_TIS_20240115_W74.21_N25.33_202400004637_L4B,2024-01-15,-74.21,25.33,202400004637,L4B,train,50,38,12
KX10_TIS_20240116_E133.00_N28.22_202400004989_L4B,2024-01-16,133.0,28.22,202400004989,L4B,train,11,0,11
KX10_TIS_20240116_E133.45_N30.10_202400004988_L4B,2024-01-16,133.45,30.1,202400004988,L4B,train,14,0,14
KX10_TIS_20240116_E133.90_N31.98_202400004986_L4B,2024-01-16,133.9,31.98,202400004986,L4B,train,9,0,9
KX10_TIS_20240116_E134.37_N33.86_202400004984_L4B,2024-01-16,134.37,33.86,202400004984,L4B,train,7,0,7
KX10_TIS_20240116_E134.85_N35.74_202400004982_L4B,2024-01-16,134.85,35.74,202400004982,L4B,train,12,0,12
KX10_TIS_20240116_E52.43_N27.47_202400005249_L4B,2024-01-16,52.43,27.47,202400005249,L4B,train,10,8,2
KX10_TIS_20240116_E52.86_N25.59_202400005247_L4B,2024-01-16,52.86,25.59,202400005247,L4B,train,11,10,1
KX10_TIS_20240116_E79.45_N12.00_202400005157_L4B,2024-01-16,79.45,12.0,202400005157,L4B,train,12,3,9
KX10_TIS_20240116_E80.19_N8.21_202400005153_L4B,2024-01-16,80.19,8.21,202400005153,L4B,train,14,0,14
KX10_TIS_20240116_E80.56_N6.33_202400005151_L4B,2024-01-16,80.56,6.33,202400005151,L4B,train,9,0,9
KX10_TIS_20240116_E81.84_N10.74_202400005090_L4B,2024-01-16,81.84,10.74,202400005090,L4B,train,7,0,7
KX10_TIS_20240116_E82.22_N12.62_202400005088_L4B,2024-01-16,82.22,12.62,202400005088,L4B,train,10,1,9
KX10_TIS_20240116_E82.61_N14.52_202400005086_L4B,2024-01-16,82.61,14.52,202400005086,L4B,train,13,0,13
KX10_TIS_20240116_E83.00_N16.41_202400005085_L4B,2024-01-16,83.0,16.41,202400005085,L4B,train,23,0,23
KX10_TIS_20240116_E83.39_N18.29_202400005083_L4B,2024-01-16,83.39,18.29,202400005083,L4B,train,20,0,20
KX10_TIS_20240116_E84.19_N22.07_202400005080_L4B,2024-01-16,84.19,22.07,202400005080,L4B,train,7,0,7
KX10_TIS_20240116_E84.92_N25.36_202400005021_L4B,2024-01-16,84.92,25.36,202400005021,L4B,train,12,5,7
KX10_TIS_20240116_E85.34_N27.24_202400005019_L4B,2024-01-16,85.34,27.24,202400005019,L4B,train,14,6,8
KX10_TIS_20240116_W100.26_N42.86_202400005232_L4B,2024-01-16,-100.26,42.86,202400005232,L4B,train,16,0,16
KX10_TIS_20240116_W100.83_N40.98_202400005231_L4B,2024-01-16,-100.83,40.98,202400005231,L4B,train,14,0,14
KX10_TIS_20240116_W101.37_N39.12_202400005236_L4B,2024-01-16,-101.37,39.12,202400005236,L4B,train,43,0,43
KX10_TIS_20240116_W101.89_N37.25_202400005233_L4B,2024-01-16,-101.89,37.25,202400005233,L4B,train,74,1,73
KX10_TIS_20240116_W102.39_N35.37_202400005239_L4B,2024-01-16,-102.39,35.37,202400005239,L4B,train,82,0,82
KX10_TIS_20240116_W102.87_N33.50_202400005238_L4B,2024-01-16,-102.87,33.5,202400005238,L4B,train,34,0,34
KX10_TIS_20240116_W103.34_N31.62_202400005241_L4B,2024-01-16,-103.34,31.62,202400005241,L4B,train,10,1,9
KX10_TIS_20240116_W15.71_N13.49_202400005269_L4B,2024-01-16,-15.71,13.49,202400005269,L4B,train,26,0,26
KX10_TIS_20240116_W16.49_N17.26_202400005271_L4B,2024-01-16,-16.49,17.26,202400005271,L4B,train,17,6,11
KX10_TIS_20240116_W99.67_N44.72_202400005228_L4B,2024-01-16,-99.67,44.72,202400005228,L4B,train,6,0,6
KX10_TIS_20240117_E10.75_N66.32_202400005375_L4B,2024-01-17,10.75,66.32,202400005375,L4B,train,13,6,7
KX10_TIS_20240117_E106.21_N18.05_202400005417_L4B,2024-01-17,106.21,18.05,202400005417,L4B,train,10,2,8
KX10_TIS_20240117_E106.89_N14.75_202400005414_L4B,2024-01-17,106.89,14.75,202400005414,L4B,train,28,18,10
KX10_TIS_20240117_E107.27_N12.85_202400005412_L4B,2024-01-17,107.27,12.85,202400005412,L4B,train,22,14,8
KX10_TIS_20240117_E107.65_N10.97_202400005410_L4B,2024-01-17,107.65,10.97,202400005410,L4B,train,23,15,8
KX10_TIS_20240117_E122.29_N47.44_202400005383_L4B,2024-01-17,122.29,47.44,202400005383,L4B,train,50,0,50
KX10_TIS_20240117_E122.93_N45.58_202400005381_L4B,2024-01-17,122.93,45.58,202400005381,L4B,train,43,0,43
KX10_TIS_20240117_E123.54_N43.72_202400005379_L4B,2024-01-17,123.54,43.72,202400005379,L4B,train,31,22,9
KX10_TIS_20240117_E38.24_N2.14_202400005528_L4B,2024-01-17,38.24,2.14,202400005528,L4B,train,20,8,12
KX10_TIS_20240117_E38.98_S1.64_202400005525_L4B,2024-01-17,38.98,-1.64,202400005525,L4B,train,5,0,5
KX10_TIS_20240117_E39.35_S3.53_202400005524_L4B,2024-01-17,39.35,-3.53,202400005524,L4B,train,15,10,5
KX10_TIS_20240117_E39.40_N14.17_202400005371_L4B,2024-01-17,39.4,14.17,202400005371,L4B,train,10,0,10
KX10_TIS_20240117_E39.78_N16.07_202400005369_L4B,2024-01-17,39.78,16.07,202400005369,L4B,train,4,0,4
KX10_TIS_20240117_E40.17_N17.95_202400005367_L4B,2024-01-17,40.17,17.95,202400005367,L4B,train,12,2,10
KX10_TIS_20240117_E5.57_N59.08_202400005378_L4B,2024-01-17,5.57,59.08,202400005378,L4B,train,9,0,9
KX10_TIS_20240117_E55.73_N31.61_202400005513_L4B,2024-01-17,55.73,31.61,202400005513,L4B,train,18,2,16
KX10_TIS_20240117_E56.63_N27.85_202400005509_L4B,2024-01-17,56.63,27.85,202400005509,L4B,train,7,0,7
KX10_TIS_20240117_E57.48_N24.08_202400005506_L4B,2024-01-17,57.48,24.08,202400005506,L4B,train,9,1,8
KX10_TIS_20240117_E57.89_N22.20_202400005500_L4B,2024-01-17,57.89,22.2,202400005500,L4B,train,1,0,1
KX10_TIS_20240117_E58.30_N20.31_202400005502_L4B,2024-01-17,58.3,20.31,202400005502,L4B,train,4,0,4
KX10_TIS_20240117_E6.66_N60.90_202400005376_L4B,2024-01-17,6.66,60.9,202400005376,L4B,train,16,12,4
KX10_TIS_20240117_E7.87_N62.71_202400005377_L4B,2024-01-17,7.87,62.71,202400005377,L4B,train,5,0,5
KX10_TIS_20240117_E88.21_N20.85_202400005322_L4B,2024-01-17,88.21,20.85,202400005322,L4B,train,3,0,3
KX10_TIS_20240117_E88.62_N22.74_202400005320_L4B,2024-01-17,88.62,22.74,202400005320,L4B,train,5,0,5
KX10_TIS_20240117_E89.04_N24.62_202400005319_L4B,2024-01-17,89.04,24.62,202400005319,L4B,train,3,0,3
KX10_TIS_20240117_E9.23_N64.52_202400005374_L4B,2024-01-17,9.23,64.52,202400005374,L4B,train,2,0,2
KX10_TIS_20240117_W100.05_N27.40_202400005433_L4B,2024-01-17,-100.05,27.4,202400005433,L4B,train,4,2,2
KX10_TIS_20240117_W90.33_N29.53_202400005288_L4B,2024-01-17,-90.33,29.53,202400005288,L4B,train,40,35,5
KX10_TIS_20240117_W90.78_N31.41_202400005289_L4B,2024-01-17,-90.78,31.41,202400005289,L4B,train,1,0,1
KX10_TIS_20240117_W91.73_N35.16_202400005291_L4B,2024-01-17,-91.73,35.16,202400005291,L4B,train,2,0,2
KX10_TIS_20240117_W92.23_N37.03_202400005292_L4B,2024-01-17,-92.23,37.03,202400005292,L4B,train,3,0,3
KX10_TIS_20240118_W72.96_N23.34_202400005780_L4B,2024-01-18,-72.96,23.34,202400005780,L4B,train,3,1,2
KX10_TIS_20240119_E149.95_S36.38_202400006055_L4B,2024-01-19,149.95,-36.38,202400006055,L4B,train,6,6,0
KX10_TIS_20240121_E22.97_N40.99_202400006797_L4B,2024-01-21,22.97,40.99,202400006797,L4B,train,2,1,1
KX10_TIS_20240122_E56.31_N19.11_202400007124_L4B,2024-01-22,56.31,19.11,202400007124,L4B,train,1,0,1
KX10_TIS_20240122_W13.24_N11.36_202400007180_L4B,2024-01-22,-13.24,11.36,202400007180,L4B,train,2,1,1
KX10_TIS_20240122_W151.91_N61.79_202400006984_L4B,2024-01-22,-151.91,61.79,202400006984,L4B,train,1,0,1
KX10_TIS_20240122_W73.38_N45.74_202400006853_L4B,2024-01-22,-73.38,45.74,202400006853,L4B,train,4,3,1
KX10_TIS_20240123_E118.54_N39.64_202400007188_L4B,2024-01-23,118.54,39.64,202400007188,L4B,train,3,3,0
KX10_TIS_20240123_E49.21_N56.95_202400007489_L4B,2024-01-23,49.21,56.95,202400007489,L4B,train,25,9,16
KX10_TIS_20240123_E50.11_N55.11_202400007488_L4B,2024-01-23,50.11,55.11,202400007488,L4B,train,6,6,0
KX10_TIS_20240123_E50.94_N53.26_202400007486_L4B,2024-01-23,50.94,53.26,202400007486,L4B,train,3,3,0
KX10_TIS_20240123_E71.47_N40.88_202400007279_L4B,2024-01-23,71.47,40.88,202400007279,L4B,train,1,0,1
KX10_TIS_20240123_E99.69_N50.01_202400007399_L4B,2024-01-23,99.69,50.01,202400007399,L4B,train,1,0,1
KX10_TIS_20240125_E52.50_N25.67_202400008255_L4B,2024-01-25,52.5,25.67,202400008255,L4B,train,48,48,0
KX10_TIS_20240125_E83.17_N53.49_202400008339_L4B,2024-01-25,83.17,53.49,202400008339,L4B,train,3,3,0
KX10_TIS_20240126_E21.97_N36.74_202400008726_L4B,2024-01-26,21.97,36.74,202400008726,L4B,test,1,1,0
KX10_TIS_20240126_E74.07_N16.50_202400008664_L4B,2024-01-26,74.07,16.5,202400008664,L4B,test,3,3,0
KX10_TIS_20240127_E149.60_S26.46_202400009426_L4B,2024-01-27,149.6,-26.46,202400009426,L4B,train,4,3,1
KX10_TIS_20240127_E150.34_S23.17_202400009422_L4B,2024-01-27,150.34,-23.17,202400009422,L4B,train,1,0,1
KX10_TIS_20240127_E17.91_N42.05_202400009331_L4B,2024-01-27,17.91,42.05,202400009331,L4B,train,1,0,1
KX10_TIS_20240127_E51.92_N29.07_202400009386_L4B,2024-01-27,51.92,29.07,202400009386,L4B,train,5,4,1
KX10_TIS_20240127_E53.61_N21.53_202400009361_L4B,2024-01-27,53.61,21.53,202400009361,L4B,train,4,2,2
KX10_TIS_20240128_E102.02_N35.66_202400008901_L4B,2024-01-28,102.02,35.66,202400008901,L4B,test,2,0,2
KX10_TIS_20240128_E113.17_N27.06_202400009448_L4B,2024-01-28,113.17,27.06,202400009448,L4B,test,1,1,0
KX10_TIS_20240129_E8.70_N45.19_202400009666_L4B,2024-01-29,8.7,45.19,202400009666,L4B,train,14,13,1
KX10_TIS_20240129_W117.81_N34.59_202400009638_L4B,2024-01-29,-117.81,34.59,202400009638,L4B,train,4,3,1
KX10_TIS_20240130_E13.16_N44.75_202400009976_L4B,2024-01-30,13.16,44.75,202400009976,L4B,train,5,4,1
KX10_TIS_20240130_W162.71_N58.19_202400009793_L4B,2024-01-30,-162.71,58.19,202400009793,L4B,train,1,0,1
KX10_TIS_20240131_W164.17_N66.44_202400010032_L4B,2024-01-31,-164.17,66.44,202400010032,L4B,train,1,0,1
KX10_TIS_20240201_E23.93_N37.61_202400010507_L4B,2024-02-01,23.93,37.61,202400010507,L4B,train,1,1,0
KX10_TIS_20240201_W0.09_N38.69_202400010529_L4B,2024-02-01,-0.09,38.69,202400010529,L4B,train,2,1,1
KX10_TIS_20240202_E42.32_N36.78_202400010680_L4B,2024-02-02,42.32,36.78,202400010680,L4B,train,2,0,2
KX10_TIS_20240202_E66.95_N40.07_202400010625_L4B,2024-02-02,66.95,40.07,202400010625,L4B,train,1,1,0
KX10_TIS_20240204_E28.19_N40.11_202400011334_L4B,2024-02-04,28.19,40.11,202400011334,L4B,test,9,3,6
KX10_TIS_20240204_E5.58_N43.74_202400011349_L4B,2024-02-04,5.58,43.74,202400011349,L4B,test,35,34,1
KX10_TIS_20240204_E91.54_N69.36_202400011412_L4B,2024-02-04,91.54,69.36,202400011412,L4B,test,1,0,1
KX10_TIS_20240204_W86.72_N40.25_202400011216_L4B,2024-02-04,-86.72,40.25,202400011216,L4B,test,6,5,1
KX10_TIS_20240205_E31.31_N35.74_202400011703_L4B,2024-02-05,31.31,35.74,202400011703,L4B,train,1,1,0
KX10_TIS_20240205_E51.81_N22.15_202400011698_L4B,2024-02-05,51.81,22.15,202400011698,L4B,train,26,1,25
KX10_TIS_20240205_E52.64_N25.93_202400011696_L4B,2024-02-05,52.64,25.93,202400011696,L4B,train,4,3,1
KX10_TIS_20240205_E53.07_N27.81_202400011695_L4B,2024-02-05,53.07,27.81,202400011695,L4B,train,3,3,0
KX10_TIS_20240206_E48.21_N26.99_202400012119_L4B,2024-02-06,48.21,26.99,202400012119,L4B,train,1,1,0
KX10_TIS_20240206_E81.28_N28.54_202400011896_L4B,2024-02-06,81.28,28.54,202400011896,L4B,train,1,0,1
KX10_TIS_20240206_W2.31_N39.24_202400012151_L4B,2024-02-06,-2.31,39.24,202400012151,L4B,train,19,0,19
KX10_TIS_20240207_E50.16_N36.66_202400012511_L4B,2024-02-07,50.16,36.66,202400012511,L4B,train,2,2,0
KX10_TIS_20240207_E52.05_N29.14_202400012505_L4B,2024-02-07,52.05,29.14,202400012505,L4B,train,1,1,0
KX10_TIS_20240207_E52.49_N27.26_202400012502_L4B,2024-02-07,52.49,27.26,202400012502,L4B,train,2,2,0
KX10_TIS_20240207_E52.91_N25.38_202400012501_L4B,2024-02-07,52.91,25.38,202400012501,L4B,train,2,2,0
KX10_TIS_20240207_E77.14_N23.01_202400012431_L4B,2024-02-07,77.14,23.01,202400012431,L4B,train,33,27,6
KX10_TIS_20240207_W17.42_N66.13_202400012351_L4B,2024-02-07,-17.42,66.13,202400012351,L4B,train,2,0,2
KX10_TIS_20240207_W35.50_S6.42_202400012582_L4B,2024-02-07,-35.5,-6.42,202400012582,L4B,train,5,4,1
KX10_TIS_20240208_E115.79_N37.02_202400012597_L4B,2024-02-08,115.79,37.02,202400012597,L4B,test,14,14,0
KX10_TIS_20240208_E56.32_N29.42_202400012712_L4B,2024-02-08,56.32,29.42,202400012712,L4B,test,1,0,1
KX10_TIS_20240208_E75.49_N45.82_202400017887_L4B,2024-02-08,75.49,45.82,202400017887,L4B,test,3,3,0
KX10_TIS_20240209_E24.78_N35.10_202400012966_L4B,2024-02-09,24.78,35.1,202400012966,L4B,train,2,2,0
KX10_TIS_20240209_E26.33_N40.73_202400012963_L4B,2024-02-09,26.33,40.73,202400012963,L4B,train,10,5,5
KX10_TIS_20240209_E48.21_N34.00_202400012950_L4B,2024-02-09,48.21,34.0,202400012950,L4B,train,9,8,1
KX10_TIS_20240209_E48.70_N35.88_202400012949_L4B,2024-02-09,48.7,35.88,202400012949,L4B,train,11,11,0
KX10_TIS_20240210_E85.32_N42.20_202400013372_L4B,2024-02-10,85.32,42.2,202400013372,L4B,train,2,2,0
KX10_TIS_20240212_E48.70_N34.66_202400014531_L4B,2024-02-12,48.7,34.66,202400014531,L4B,train,8,8,0
KX10_TIS_20240212_E49.17_N32.78_202400014530_L4B,2024-02-12,49.17,32.78,202400014530,L4B,train,10,8,2
KX10_TIS_20240212_E50.09_N29.02_202400014525_L4B,2024-02-12,50.09,29.02,202400014525,L4B,train,7,4,3
KX10_TIS_20240212_E50.52_N27.14_202400014524_L4B,2024-02-12,50.52,27.14,202400014524,L4B,train,5,5,0
KX10_TIS_20240212_E78.16_N8.41_202400014406_L4B,2024-02-12,78.16,8.41,202400014406,L4B,train,3,3,0
KX10_TIS_20240212_E78.53_N6.52_202400014405_L4B,2024-02-12,78.53,6.52,202400014405,L4B,train,2,1,1
KX10_TIS_20240212_E86.16_N38.55_202400014313_L4B,2024-02-12,86.16,38.55,202400014313,L4B,train,3,3,0
KX10_TIS_20240213_E115.02_N41.32_202400014587_L4B,2024-02-13,115.02,41.32,202400014587,L4B,train,1,1,0
KX10_TIS_20240214_E56.90_N36.57_202400015225_L4B,2024-02-14,56.9,36.57,202400015225,L4B,train,8,7,1
KX10_TIS_20240214_W88.36_N31.30_202400014952_L4B,2024-02-14,-88.36,31.3,202400014952,L4B,train,2,1,1
KX10_TIS_20240214_W95.76_N35.04_202400015203_L4B,2024-02-14,-95.76,35.04,202400015203,L4B,train,1,0,1
KX10_TIS_20240215_E100.57_N58.46_202400015508_L4B,2024-02-15,100.57,58.46,202400015508,L4B,train,1,0,1
KX10_TIS_20240215_E109.17_N34.76_202400015480_L4B,2024-02-15,109.17,34.76,202400015480,L4B,train,2,1,1
KX10_TIS_20240215_E123.14_N39.29_202400015295_L4B,2024-02-15,123.14,39.29,202400015295,L4B,train,1,1,0
KX10_TIS_20240216_E52.28_N22.57_202400015807_L4B,2024-02-16,52.28,22.57,202400015807,L4B,train,9,8,1
KX10_TIS_20240216_E67.52_N29.00_202400015950_L4B,2024-02-16,67.52,29.0,202400015950,L4B,train,4,4,0
KX10_TIS_20240217_E34.75_N30.54_202400016148_L4B,2024-02-17,34.75,30.54,202400016148,L4B,train,2,0,2
KX10_TIS_20240217_E48.15_N29.12_202400016287_L4B,2024-02-17,48.15,29.12,202400016287,L4B,train,9,9,0
KX10_TIS_20240217_E48.59_N27.24_202400016286_L4B,2024-02-17,48.59,27.24,202400016286,L4B,train,38,34,4
KX10_TIS_20240217_E56.52_N21.99_202400016141_L4B,2024-02-17,56.52,21.99,202400016141,L4B,train,2,0,2
KX10_TIS_20240218_E65.11_N60.43_202400016576_L4B,2024-02-18,65.11,60.43,202400016576,L4B,test,3,2,1
KX10_TIS_20240219_E8.85_N31.72_202400016958_L4B,2024-02-19,8.85,31.72,202400016958,L4B,test,1,0,1
KX10_TIS_20240220_E60.27_N33.20_202400017217_L4B,2024-02-20,60.27,33.2,202400017217,L4B,train,3,1,2
KX10_TIS_20240221_E51.06_N25.48_202400017463_L4B,2024-02-21,51.06,25.48,202400017463,L4B,test,48,47,1
KX10_TIS_20240221_E51.49_N27.36_202400017462_L4B,2024-02-21,51.49,27.36,202400017462,L4B,test,37,35,2
KX10_TIS_20240221_W63.82_N51.10_202400017295_L4B,2024-02-21,-63.82,51.1,202400017295,L4B,test,2,0,2
KX10_TIS_20240222_E56.04_N28.11_202400017970_L4B,2024-02-22,56.04,28.11,202400017970,L4B,train,1,0,1
KX10_TIS_20240222_E98.96_N4.10_202400018045_L4B,2024-02-22,98.96,4.1,202400018045,L4B,train,2,1,1
KX10_TIS_20240222_E99.33_N2.20_202400018042_L4B,2024-02-22,99.33,2.2,202400018042,L4B,train,1,0,1
KX10_TIS_20240223_E0.32_N40.48_202400023361_L4B,2024-02-23,0.32,40.48,202400023361,L4B,train,2,0,2
KX10_TIS_20240223_E103.41_N7.05_202400018213_L4B,2024-02-23,103.41,7.05,202400018213,L4B,train,1,0,1
KX10_TIS_20240223_E104.91_N14.60_202400018209_L4B,2024-02-23,104.91,14.6,202400018209,L4B,train,1,1,0
KX10_TIS_20240223_W101.40_N43.60_202400018508_L4B,2024-02-23,-101.4,43.6,202400018508,L4B,train,2,0,2
KX10_TIS_20240223_W95.91_N29.03_202400018236_L4B,2024-02-23,-95.91,29.03,202400018236,L4B,train,4,0,4
KX10_TIS_20240223_W99.96_N44.02_202400018249_L4B,2024-02-23,-99.96,44.02,202400018249,L4B,train,1,0,1
KX10_TIS_20240224_E73.76_N56.02_202400023443_L4B,2024-02-24,73.76,56.02,202400023443,L4B,train,8,6,2
KX10_TIS_20240225_E112.06_N4.37_202400023657_L4B,2024-02-25,112.06,4.37,202400023657,L4B,train,3,2,1
KX10_TIS_20240226_W104.10_N18.31_202400023805_L4B,2024-02-26,-104.1,18.31,202400023805,L4B,train,1,0,1
KX10_TIS_20240227_E137.03_S29.98_202400024263_L4B,2024-02-27,137.03,-29.98,202400024263,L4B,train,4,1,3
KX10_TIS_20240227_E53.72_N25.79_202400024495_L4B,2024-02-27,53.72,25.79,202400024495,L4B,train,1,1,0
KX10_TIS_20240228_E101.16_N6.19_202400024905_L4B,2024-02-28,101.16,6.19,202400024905,L4B,train,1,1,0
KX10_TIS_20240228_E101.54_N4.30_202400024900_L4B,2024-02-28,101.54,4.3,202400024900,L4B,train,2,1,1
KX10_TIS_20240228_E104.95_N23.23_202400024703_L4B,2024-02-28,104.95,23.23,202400024703,L4B,train,4,1,3
KX10_TIS_20240228_E141.14_N39.26_202400024881_L4B,2024-02-28,141.14,39.26,202400024881,L4B,train,1,0,1
KX10_TIS_20240228_E144.97_S33.42_202400025050_L4B,2024-02-28,144.97,-33.42,202400025050,L4B,train,1,0,1
KX10_TIS_20240228_E35.01_N28.44_202400024838_L4B,2024-02-28,35.01,28.44,202400024838,L4B,train,1,0,1
KX10_TIS_20240228_E50.49_N22.14_202400024997_L4B,2024-02-28,50.49,22.14,202400024997,L4B,train,2,1,1
KX10_TIS_20240228_W8.35_N43.56_202400024849_L4B,2024-02-28,-8.35,43.56,202400024849,L4B,train,15,12,3
KX10_TIS_20240229_E108.59_N19.74_202400025077_L4B,2024-02-29,108.59,19.74,202400025077,L4B,train,1,0,1
KX10_TIS_20240303_E52.75_N29.10_202400026047_L4B,2024-03-03,52.75,29.1,202400026047,L4B,validation,13,12,1
KX10_TIS_20240303_W6.09_N35.08_202400026196_L4B,2024-03-03,-6.09,35.08,202400026196,L4B,validation,4,4,0
KX10_TIS_20240304_E18.97_N57.02_202400026397_L4B,2024-03-04,18.97,57.02,202400026397,L4B,train,2,2,0
KX10_TIS_20240305_E110.44_N35.08_202400026619_L4B,2024-03-05,110.44,35.08,202400026619,L4B,train,11,10,1
KX10_TIS_20240306_E57.66_N21.81_202400027166_L4B,2024-03-06,57.66,21.81,202400027166,L4B,train,2,1,1
KX10_TIS_20240327_E53.76_N31.43_202400034324_L4B,2024-03-27,53.76,31.43,202400034324,L4B,test,3,2,1
KX10_TIS_20240329_E51.27_N36.35_202400034927_L4B,2024-03-29,51.27,36.35,202400034927,L4B,train,3,1,2
KX10_TIS_20240403_E50.35_N37.84_202400036611_L4B,2024-04-03,50.35,37.84,202400036611,L4B,validation,1,1,0
KX10_TIS_20240416_E49.96_N26.27_202400041238_L4B,2024-04-16,49.96,26.27,202400041238,L4B,train,2,2,0
KX10_TIS_20240506_E44.75_N32.89_202400048245_L4B,2024-05-06,44.75,32.89,202400048245,L4B,test,1,0,1
KX10_TIS_20240522_E53.71_N28.01_202400053543_L4B,2024-05-22,53.71,28.01,202400053543,L4B,validation,7,6,1
KX10_TIS_20240528_E17.12_N54.84_202400055635_L4B,2024-05-28,17.12,54.84,202400055635,L4B,train,3,2,1
KX10_TIS_20240605_E48.05_N44.29_202400058136_L4B,2024-06-05,48.05,44.29,202400058136,L4B,validation,7,7,0
KX10_TIS_20240624_W108.93_N31.24_202400065056_L4B,2024-06-24,-108.93,31.24,202400065056,L4B,train,5,4,1
KX10_TIS_20240717_E63.73_N27.28_202400072941_L4B,2024-07-17,63.73,27.28,202400072941,L4B,test,4,0,4
KX10_TIS_20240727_E52.78_N25.28_202400076837_L4B,2024-07-27,52.78,25.28,202400076837,L4B,test,6,4,2
KX10_TIS_20240904_W120.07_N46.14_202400091630_L4B,2024-09-04,-120.07,46.14,202400091630,L4B,train,2,2,0
