model,representation,seed,stratum,records,iou,dice,precision,recall,mean_positive_patch_iou,difficult_negative_activation_rate,iou_ci95_low,iou_ci95_high,dice_ci95_low,dice_ci95_high,precision_ci95_low,precision_ci95_high,recall_ci95_low,recall_ci95_high,mean_positive_patch_iou_ci95_low,mean_positive_patch_iou_ci95_high,difficult_negative_activation_rate_ci95_low,difficult_negative_activation_rate_ci95_high
DeepLabV3+-ResNet50,8bit,3407,all,3122,0.622134003451844,0.7670562384216899,0.74706621353714,0.7881454633656599,0.5478633324916153,0.17352941176470588,0.5080837749933659,0.6728548238979442,0.6738136863762361,0.8044389915469099,0.6346083707528489,0.7869922479381246,0.7027426254705207,0.8347228385031283,0.4667897785153203,0.5879564910699663,0.143328146303297,0.45243506493506463
DeepLabV3+-ResNet50,8bit,3407,positive_le_1pct,318,0.2787077894397272,0.4359210004685191,0.3919189300844883,0.49105321383986117,0.28304128906563125,,0.23934458430709846,0.3474793008718802,0.38624379883725846,0.5157471443427739,0.3190863767883701,0.5435683132842672,0.3937954642363385,0.5523575617712674,0.23775313164125883,0.32750673763526594,,
DeepLabV3+-ResNet50,8bit,3407,positive_1_to_5pct,488,0.4927316388165172,0.660174442617388,0.6254453407560546,0.698987097415582,0.5304114192504754,,0.43654635182605067,0.5301324437652022,0.6077720376394996,0.6929236039376577,0.5476485749722957,0.6812521363271266,0.6564869064918732,0.7250693634047237,0.474177825854596,0.563918956633613,,
DeepLabV3+-ResNet50,8bit,3407,positive_gt_5pct,616,0.7022111489059328,0.8250576309023321,0.8444628060098057,0.8065242575728678,0.6983989550096983,,0.623456166362088,0.7392590912094164,0.7680603630973216,0.8500850677665717,0.8034233095235167,0.858631694374457,0.716089878024138,0.8553810976799348,0.6504462215632276,0.7329151244551756,,
DeepLabV3+-ResNet50,8bit,3407,difficult_negative,1700,0.0,0.0,0.0,0.0,,0.17352941176470588,0.0,0.0,0.0,0.0,0.0,0.0,0.0,0.0,,,0.142650501746361,0.45170189098998836
SegFormer-B0,8bit,3407,all,3122,0.6600823493564089,0.7952404886568594,0.7992750179580734,0.791246485269318,0.5943513996268587,0.2023529411764706,0.5671864172442841,0.6955812746194212,0.7238276327580462,0.8204634973693167,0.7147808119024767,0.8248378074532663,0.703950390989688,0.8380568647165886,0.5399390709788027,0.626466557780663,0.17288458328697007,0.5625248015873014
SegFormer-B0,8bit,3407,positive_le_1pct,318,0.3908478325167496,0.5620281721394461,0.5160800095087701,0.6169577882204877,0.3931524741983947,,0.35661927075701755,0.43992828349714375,0.525747020045824,0.6110419352457348,0.46856940180609585,0.5955718948553432,0.5674125013866537,0.6520857137067804,0.3603102032102877,0.43787550982847895,,
SegFormer-B0,8bit,3407,positive_1_to_5pct,488,0.5523305265970381,0.7116145912659938,0.7003988977600544,0.7231953307569273,0.5787391853324775,,0.5078524676088969,0.5782325288878241,0.6736102876379743,0.732759612708685,0.6343851766644126,0.7458844254002315,0.691393687772708,0.7609513829215729,0.5388709222035677,0.6049558476765913,,
SegFormer-B0,8bit,3407,positive_gt_5pct,616,0.7087300624511721,0.8295401105479462,0.8563869781186816,0.8043253233189644,0.7105851964806081,,0.6374919962660757,0.7391122101334222,0.7786199827388832,0.8499879482548248,0.8287000822525881,0.8743401593466305,0.7138907506957468,0.8523156039349717,0.6651744728590375,0.7402790516363517,,
SegFormer-B0,8bit,3407,difficult_negative,1700,0.0,0.0,0.0,0.0,,0.2023529411764706,0.0,0.0,0.0,0.0,0.0,0.0,0.0,0.0,,,0.174082852522715,0.5656279746166046
U-Net-ResNet34,8bit,3407,all,3122,0.6306554838259335,0.7734993566467577,0.7455529046981821,0.8036225007739544,0.6157051790276843,0.35411764705882354,0.5122441924308323,0.6800591384153051,0.6774622277394701,0.8095657145183645,0.5839503997129268,0.8114913711701363,0.7205580737346574,0.8945834021337162,0.5737697540817721,0.6508201075530499,0.29882085703298705,0.7251983236042508
U-Net-ResNet34,8bit,3407,positive_le_1pct,318,0.34155880341447353,0.5091969171163483,0.40544831318780444,0.6842997350979935,0.4273375642679189,,0.29246214804969745,0.38544943420430483,0.45256590045921835,0.5564251201272039,0.3399365768901125,0.47498802604344426,0.6273441322277842,0.7215306950904047,0.3920614545283409,0.474620640425202,,
U-Net-ResNet34,8bit,3407,positive_1_to_5pct,488,0.5111904014456023,0.6765400322243953,0.6121008875899381,0.7561432938147379,0.5970183360264472,,0.43792668080679326,0.5603327223525411,0.6091084980207226,0.7182221001014479,0.49668714922634577,0.7105209046765245,0.7177763109509456,0.8076026872749481,0.5626736178624948,0.6261773313366561,,
U-Net-ResNet34,8bit,3407,positive_gt_5pct,616,0.7179258537116927,0.8358054012174813,0.8602558851326564,0.812706385279935,0.7277507648689329,,0.6582945492151441,0.7644023246894318,0.7939416425000372,0.8664716815873525,0.8018666778611676,0.8988994004013936,0.7222895732119969,0.9106801357764674,0.6911230472362226,0.7797909756397566,,
U-Net-ResNet34,8bit,3407,difficult_negative,1700,0.0,0.0,0.0,0.0,,0.35411764705882354,0.0,0.0,0.0,0.0,0.0,0.0,0.0,0.0,,,0.30156105418892754,0.7222311827956989
U-Net-ResNet34,8bit,3408,all,3122,0.626458000668653,0.7703340638505388,0.740551351823288,0.8026126933565144,0.6386775868889129,0.35058823529411764,0.5550759453570435,0.6920184471893577,0.7138891710140888,0.8179797874438678,0.657049858259551,0.8060098904438268,0.7491696795542581,0.8446166256006776,0.5991770217690428,0.68603619327559,0.3085649514213746,0.7404580152671756
U-Net-ResNet34,8bit,3408,positive_le_1pct,318,0.34704745920573954,0.5152713170334315,0.3887368170972307,0.7639327290996376,0.46364081464411977,,0.26248775628908794,0.4920176864795543,0.4158261965807897,0.659533314565646,0.2858110362740501,0.583398900996268,0.715533813227512,0.8011199283123782,0.4134411203298881,0.5318869225085021,,
U-Net-ResNet34,8bit,3408,positive_1_to_5pct,488,0.5624124503276052,0.7199282752895103,0.6552321416405681,0.7987999703012785,0.6312838033474746,,0.508572794494237,0.6253703801098668,0.6742436241521472,0.7695112283430999,0.5837436025191726,0.7134787324205137,0.7644648085684221,0.8540681312551655,0.5966883963189734,0.6815459494565336,,
U-Net-ResNet34,8bit,3408,positive_gt_5pct,616,0.7204348748792883,0.8375032213059928,0.8740755629255923,0.8038684281392361,0.7348948919896693,,0.6710789444309047,0.7538811152612283,0.8031684478559356,0.859671850077246,0.8493272117384125,0.8909048863501937,0.7458597798223029,0.8454953970835473,0.7061967087094279,0.7714101484606894,,
U-Net-ResNet34,8bit,3408,difficult_negative,1700,0.0,0.0,0.0,0.0,,0.35058823529411764,0.0,0.0,0.0,0.0,0.0,0.0,0.0,0.0,,,0.30966407711120697,0.7285407627312168
U-Net-ResNet34,8bit,3409,all,3122,0.6458000598574628,0.7847855588404746,0.7351816633261563,0.8415674772304435,0.6465450977283655,0.45588235294117646,0.5345583468481985,0.6944058322831104,0.6966934127192632,0.8196452336822618,0.6047077846349159,0.7936512546201503,0.7817226504214886,0.8725216758494245,0.6041427846234644,0.6855905865196378,0.40331016801952047,0.741498509516166
U-Net-ResNet34,8bit,3409,positive_le_1pct,318,0.3811172385620915,0.5518970119566101,0.43406551866520116,0.7575385427344788,0.470268683530211,,0.3375067928632349,0.4671704522229582,0.5046804913486103,0.6368318710017493,0.37843332401612856,0.5611295962275833,0.7027609807428413,0.7916166345051957,0.4265697006568003,0.5339278175856498,,
U-Net-ResNet34,8bit,3409,positive_1_to_5pct,488,0.5452213557669717,0.705687057368361,0.6189826222649146,0.8206385980189946,0.6316425403480388,,0.48612297391710163,0.606479368770118,0.6542163496399771,0.7550415903833981,0.5559560152420014,0.6827826052270203,0.7886139195967822,0.8498673520314247,0.5960932747047643,0.6753650246204604,,
U-Net-ResNet34,8bit,3409,positive_gt_5pct,616,0.73923953109143,0.8500721354091266,0.8540408501155127,0.8461401352035258,0.7493508570085808,,0.6805618229245148,0.7661644637086401,0.8099217935006398,0.867602626245225,0.8102526485969012,0.8825541760171464,0.7813605332903953,0.8813051196681033,0.7113300964366022,0.7776764679057027,,
U-Net-ResNet34,8bit,3409,difficult_negative,1700,0.0,0.0,0.0,0.0,,0.45588235294117646,0.0,0.0,0.0,0.0,0.0,0.0,0.0,0.0,,,0.40511357714595403,0.7404717447416113
U-Net-ResNet34,uint16,3407,all,3122,0.6094874630461523,0.7573683884341945,0.7592511732018183,0.755494918396111,0.5808854162845648,0.22647058823529412,0.504494003925562,0.6718800177528618,0.6706493992610641,0.8037419079123781,0.7177191302652933,0.7995209941766908,0.6065847553731838,0.8269701360183669,0.49986641821670996,0.6272601185407695,0.18272218391525105,0.4705988917306052
U-Net-ResNet34,uint16,3407,positive_le_1pct,318,0.2917183675242974,0.45167487721554,0.35748898026802356,0.6132430704273956,0.38362249699368134,,0.23731361054230904,0.4040502925648473,0.38359492437520476,0.5755495979507503,0.2816578998382139,0.5570816903988651,0.5535742133742372,0.6558073858980332,0.34071795934837484,0.4438766236798527,,
U-Net-ResNet34,uint16,3407,positive_1_to_5pct,488,0.5053685450597372,0.6714216883543063,0.6373453788923814,0.709347672614381,0.5747999807422884,,0.4811081080009525,0.5205548747753782,0.6496596775515792,0.6846906789220842,0.5966201984357842,0.7074699944189395,0.6240111842788698,0.7559626641073985,0.518669305204866,0.6105844982675245,,
U-Net-ResNet34,uint16,3407,positive_gt_5pct,616,0.692984446251146,0.818654238419796,0.8806684570255734,0.7647992093455532,0.6875401255039346,,0.5651551899055733,0.7459776241190261,0.7221714111610598,0.8545099476710603,0.8552908255845232,0.896189256752774,0.6070414134168645,0.8379358420737009,0.5818009659910913,0.7435944180041065,,
U-Net-ResNet34,uint16,3407,difficult_negative,1700,0.0,0.0,0.0,0.0,,0.22647058823529412,0.0,0.0,0.0,0.0,0.0,0.0,0.0,0.0,,,0.18277505803322486,0.4467094655120931
U-Net-ResNet34,uint16,3408,all,3122,0.5754921658178185,0.7305554141160552,0.706981419871138,0.7557557682271974,0.5758001490450531,0.33588235294117647,0.4746822464078803,0.6611171084732057,0.6437756303449548,0.7959909681128531,0.6209895310221695,0.8025590608303299,0.6355578433445545,0.8113935830798571,0.5100404571931787,0.6296755367393568,0.2510975452209952,0.5619511025886862
U-Net-ResNet34,uint16,3408,positive_le_1pct,318,0.26905413590327454,0.42402310238998575,0.3018480051264187,0.7123529590873567,0.40006772153058145,,0.1964202973815366,0.4135915561060675,0.32834664785671014,0.5851641554709303,0.21530689479123757,0.49005107906536793,0.6562512527797556,0.758192475346076,0.3590575581842306,0.4632118344418435,,
U-Net-ResNet34,uint16,3408,positive_1_to_5pct,488,0.5143327557383782,0.679286311135221,0.6262024182143267,0.7422037709825873,0.568017277115028,,0.47904523746534367,0.5712907738710309,0.6477763157748854,0.7271611125522806,0.5792100103566339,0.7052974212693729,0.6708234773904137,0.7934183586746919,0.5209264756943136,0.6095360185944872,,
U-Net-ResNet34,uint16,3408,positive_gt_5pct,616,0.6770754733521342,0.807447827018539,0.8631261227388561,0.7585175889958935,0.6726848137389722,,0.5687411618762664,0.7316039349640363,0.7250923699799897,0.8450014694204863,0.8418929694118162,0.8956155999486172,0.6243187906701959,0.8163808717407879,0.5799063540718091,0.7333345794384016,,
U-Net-ResNet34,uint16,3408,difficult_negative,1700,0.0,0.0,0.0,0.0,,0.33588235294117647,0.0,0.0,0.0,0.0,0.0,0.0,0.0,0.0,,,0.2528087920561483,0.5520203183912857
U-Net-ResNet34,uint16,3409,all,3122,0.4192121427669235,0.5907674126147475,0.4698049852428891,0.7956181644215025,0.5576916169096636,0.5547058823529412,0.32710420098898996,0.6573165224846031,0.4929593329886116,0.7932299090031807,0.35026247802911076,0.7919760036009055,0.6535967935329471,0.8544051543040003,0.49909972134040204,0.6210823465250792,0.5036858061312495,0.6601528747092056
U-Net-ResNet34,uint16,3409,positive_le_1pct,318,0.13738588723896095,0.24158183916360942,0.14547891043286873,0.7117845869660093,0.34744792866204394,,0.07774276417126204,0.3938282608174091,0.1442696100005927,0.5651029861769572,0.08050764576278967,0.4670609112048806,0.6415373428779503,0.7551316588738072,0.27327932756242546,0.4392968844376306,,
U-Net-ResNet34,uint16,3409,positive_1_to_5pct,488,0.39953056447805835,0.5709493949166583,0.4566755794638888,0.76149913106071,0.5371454687144868,,0.3249503269683515,0.5316093699250233,0.4905094483219636,0.6941840137070382,0.3570660416226229,0.659231626187218,0.6784000453458858,0.8074173601375113,0.4931779304274232,0.6010798407614538,,
U-Net-ResNet34,uint16,3409,positive_gt_5pct,616,0.6721143513891235,0.8039095541889927,0.8057158525081187,0.8021113366726392,0.6825033266206854,,0.5853507871611526,0.7426697577396106,0.7384495464241977,0.8523356231963471,0.7498617880496081,0.88893106458186,0.6524767668689543,0.8643173856271708,0.6039447877554674,0.7431288326825837,,
U-Net-ResNet34,uint16,3409,difficult_negative,1700,0.0,0.0,0.0,0.0,,0.5547058823529412,0.0,0.0,0.0,0.0,0.0,0.0,0.0,0.0,,,0.5037507972498743,0.6667229729729727
