model,seed,subgroup,n,dice,iou,cldice,centerline_recall
MAXVIT_BASE_UNET,42,positive_le_1pct,318,0.74375807397403,0.6392521488035249,0.8156645826976193,0.8923494089279506
MAXVIT_BASE_UNET,42,positive_1_to_5pct,488,0.8113143666486587,0.720533871027105,0.8824298537195763,0.9110002929085356
MAXVIT_BASE_UNET,42,positive_gt_5pct,616,0.866749300505228,0.7988012485854364,0.9008976122755645,0.9064246323905263
MAXVIT_BASE_UNET,123,positive_le_1pct,318,0.759671219071853,0.6562340538985628,0.832201218287211,0.8948938224576886
MAXVIT_BASE_UNET,123,positive_1_to_5pct,488,0.8104881212924868,0.721985023378576,0.8780219428075215,0.8961338577268742
MAXVIT_BASE_UNET,123,positive_gt_5pct,616,0.8570979282992102,0.7915014208570791,0.8931466362745836,0.8997718809581136
MAXVIT_BASE_UNET,2025,positive_le_1pct,318,0.7538028470014869,0.6508778966202772,0.8251576923680445,0.8996734173799726
MAXVIT_BASE_UNET,2025,positive_1_to_5pct,488,0.8189510233408104,0.7279292955119868,0.8843124070653158,0.9226443343832108
MAXVIT_BASE_UNET,2025,positive_gt_5pct,616,0.876703889903991,0.8095668787046001,0.9111929851168905,0.9344132996690364
UNET_RESNET34,42,positive_le_1pct,318,0.707653035381316,0.6045878161605613,0.7750890780890276,0.8496457492945964
UNET_RESNET34,42,positive_1_to_5pct,488,0.7878532281696584,0.6878899865150635,0.8536776559752023,0.9029941762171274
UNET_RESNET34,42,positive_gt_5pct,616,0.8605218535701961,0.7845981862390207,0.8896757613164179,0.9165032300931435
UNET_RESNET34,123,positive_le_1pct,318,0.7056046000125187,0.6017495444553187,0.772408921298866,0.8355243503166074
UNET_RESNET34,123,positive_1_to_5pct,488,0.785332086569089,0.6867886550594334,0.8519996818686143,0.8892783685256564
UNET_RESNET34,123,positive_gt_5pct,616,0.8563114409646168,0.7815034710431007,0.8859439518838835,0.9058996707935564
UNET_RESNET34,2025,positive_le_1pct,318,0.7079001613196996,0.5997470624192515,0.7761803113054375,0.86239307691166
UNET_RESNET34,2025,positive_1_to_5pct,488,0.7855812528139317,0.6861113792778099,0.8527943073750488,0.8991003906524467
UNET_RESNET34,2025,positive_gt_5pct,616,0.8444362580325862,0.7681801777461301,0.8743706109803389,0.9013803434530195
DEEPLABV3PLUS_RESNET50,42,positive_le_1pct,318,0.6805252988139988,0.5625624202690369,0.7654028755033233,0.8503850196032866
DEEPLABV3PLUS_RESNET50,42,positive_1_to_5pct,488,0.769838095674937,0.6645489237376969,0.8369951483656084,0.881967813518767
DEEPLABV3PLUS_RESNET50,42,positive_gt_5pct,616,0.8377530712797207,0.7569120875914876,0.870530606923013,0.8894575002699174
DEEPLABV3PLUS_RESNET50,123,positive_le_1pct,318,0.6709126377218877,0.5492710715038214,0.7610181299218494,0.8558208376544213
DEEPLABV3PLUS_RESNET50,123,positive_1_to_5pct,488,0.7671423292382686,0.6581574687906648,0.837015776864926,0.8823760182895921
DEEPLABV3PLUS_RESNET50,123,positive_gt_5pct,616,0.8408581742897516,0.7605964341054053,0.8748905083251545,0.9000299466181538
DEEPLABV3PLUS_RESNET50,2025,positive_le_1pct,318,0.6696003885871539,0.5479389309178945,0.7569627871322518,0.840011246618859
DEEPLABV3PLUS_RESNET50,2025,positive_1_to_5pct,488,0.7664529902583455,0.6576549536363513,0.8365709080877732,0.8880480483091181
DEEPLABV3PLUS_RESNET50,2025,positive_gt_5pct,616,0.8537197017341738,0.7723100554549898,0.8819163187000665,0.9122091172591661
SEGFORMER_B0,42,positive_le_1pct,318,0.673215829608396,0.5555696841781926,0.7637375136599928,0.827571634640334
SEGFORMER_B0,42,positive_1_to_5pct,488,0.7802161972534737,0.673134286621981,0.8579123244246976,0.8919249812522762
SEGFORMER_B0,42,positive_gt_5pct,616,0.8467655094351471,0.768176696269481,0.8824632952860374,0.9027073943621435
SEGFORMER_B0,123,positive_le_1pct,318,0.6847253516401018,0.5663723863991879,0.77254099723355,0.8303665899621362
SEGFORMER_B0,123,positive_1_to_5pct,488,0.7827151968290341,0.6779203778741536,0.8630732438286325,0.8929382685412821
SEGFORMER_B0,123,positive_gt_5pct,616,0.8599289518858233,0.7851854406206096,0.8978191767246078,0.9040071700797897
SEGFORMER_B0,2025,positive_le_1pct,318,0.6808099015968307,0.5656533206073296,0.7646281839925055,0.828086065827435
SEGFORMER_B0,2025,positive_1_to_5pct,488,0.7910387939684808,0.68707966430507,0.8651439087790322,0.8873360728879315
SEGFORMER_B0,2025,positive_gt_5pct,616,0.8490855403407102,0.7738811388297667,0.883792723025005,0.897638355545218
