model,seed,threshold,pixel_auprc_4096bin,seconds,positive_patch_macro_dice,positive_patch_macro_iou,cldice,centerline_recall,pixel_pooled_dice,pixel_pooled_iou,precision,recall,negative_patch_any_prediction_rate,negative_pixel_fpr,rows,positive_rows,negative_rows,scenes,dates,best_epoch,epochs_run,training_seconds,parameters,validation_dice,threshold_fallback
MAXVIT_BASE_UNET,42,0.34,0.904300448453362,40.246829783543944,0.8202208491979655,0.7362618013427404,0.8754993214309045,0.9048472774479736,0.8502054554992131,0.739441198051911,0.841733687576964,0.8588494882280868,0.26588235294117646,0.002541791130514706,3122,1422,1700,120,51,6.0,12.0,2800.83,83947541.0,0.7789339733439608,True
MAXVIT_BASE_UNET,123,0.25,0.9092331529228495,35.96281615272164,0.8193150314260854,0.7373952150467303,0.8743270207106503,0.8974325153181849,0.8467632371329126,0.7342492577393698,0.8349715928211869,0.8588927003524627,0.28705882352941176,0.0018959853228400735,3122,1422,1700,120,51,6.0,12.0,2991.44,83947541.0,0.7713125419768517,True
MAXVIT_BASE_UNET,2025,0.16,0.9127014834577135,36.81969394534826,0.8294001412922969,0.7460631959332857,0.882728185409928,0.9226056079479367,0.8466799046986125,0.7341239506256559,0.7981823980749579,0.9014520693166633,0.48411764705882354,0.003709716796875,3122,1422,1700,120,51,7.0,13.0,5275.91,83947541.0,0.7800804930719409,True
UNET_RESNET34,42,0.3,0.8918077138511067,22.251382002606988,0.8013976810107538,0.7111545159505253,0.8516971110542368,0.896915960623782,0.8087886710532312,0.678963212823317,0.7460330064733361,0.8830719341510308,0.45941176470588235,0.006881336885340074,3122,1422,1700,120,51,17.0,23.0,1131.32,24436369.0,0.7424447381685363,True
UNET_RESNET34,123,0.2,0.8884235300120058,19.18099526129663,0.7982504702418434,0.7088012355614236,0.8489053137028115,0.8844576543249191,0.8159825679779045,0.6891643196370415,0.7661427984034754,0.8727579570632347,0.4123529411764706,0.005890601663028493,3122,1422,1700,120,51,16.0,22.0,1109.7,24436369.0,0.7357220633629961,True
UNET_RESNET34,2025,0.16,0.8828989867653076,18.44554639980197,0.793705089747494,0.7023494433393173,0.8450079165668373,0.8918792409728282,0.8089445005640636,0.6791828768240993,0.7596183445320888,0.8651215546019099,0.45529411764705885,0.005657187069163603,3122,1422,1700,120,51,17.0,23.0,1140.86,24436369.0,0.7384496931009591,True
DEEPLABV3PLUS_RESNET50,42,0.24,0.872891510497254,24.314783854410052,0.7792854624616926,0.6817528624373461,0.8355123774100214,0.8781494721499821,0.8044256143051524,0.6728361061680271,0.7583020739931132,0.8565234458104978,0.4923529411764706,0.005172388413373162,3122,1422,1700,120,51,22.0,24.0,1627.29,26677585.0,0.7137401719671449,True
DEEPLABV3PLUS_RESNET50,123,0.25,0.8712613596365268,20.27275856398046,0.7775557741394672,0.6781831567630029,0.836427579151567,0.8840850706161822,0.8013446893548042,0.6685363859302198,0.7488775040294727,0.8617175747021715,0.5594117647058824,0.00574855131261489,3122,1422,1700,120,51,16.0,22.0,1513.89,26677585.0,0.7123822935470662,True
DEEPLABV3PLUS_RESNET50,2025,0.37,0.8722854897757775,20.70141877606511,0.7825972708052311,0.6827870545476109,0.8384115483643684,0.8877720395438063,0.7967728448164768,0.6621965282149475,0.7295945787722337,0.8775767397650743,0.5652941176470588,0.007660136503331801,3122,1422,1700,120,51,13.0,19.0,1222.33,26677585.0,0.7125238948065196,True
SEGFORMER_B0,42,0.3,0.886011854138672,23.11390965245664,0.7851165203144981,0.6880151451070273,0.8474874356957302,0.8822045890251886,0.8119893727782516,0.6834866239177921,0.7613180692146861,0.8698867164194876,0.5641176470588235,0.005283876306870405,3122,1422,1700,120,51,13.0,19.0,1419.24,3714401.0,0.7262296196211003,True
SEGFORMER_B0,123,0.42,0.882414700383808,20.26148120686412,0.7942502898985855,0.6994414871306787,0.8578793199514775,0.8837404130979298,0.8106715424670653,0.6816212437636189,0.763837089182101,0.8636244279716182,0.5129411764705882,0.00672297758214614,3122,1422,1700,120,51,18.0,24.0,1764.25,3714401.0,0.7331481001301577,True
SEGFORMER_B0,2025,0.35,0.8830116631144198,19.949711034074426,0.7915338769439434,0.6975270138207742,0.8507442386618751,0.8785489448089235,0.8238707691138182,0.7004934045326411,0.7952681394031087,0.854607603157513,0.5264705882352941,0.0042616720760569856,3122,1422,1700,120,51,19.0,24.0,1667.01,3714401.0,0.7309648216821526,True
