case_id,audit_group,audit_stratum,scene_id,record_id,pass1_target_decision,pass1_confidence,source_context_sufficient,released_mask_state,presence_conflict,expert1_pass2_reviewed,expert1_pass2_decision,expert1_pass2_note,expert2_selected,expert2_selection_reason,expert2_decision,expert2_note,final_mask_action,split,explanation_source,subsequent_author_explanation,original_case_specific_reason_recorded,later_explanation_individually_confirmed,focus_case
CS001,coverage,difficult_negative,KX10_TIS_20240205_E51.81_N22.15_202400011698_L4B,cut256_from_head_centered_flat_8bit__KX10_TIS_20240205_E51.81_N22.15_202400011698_L4B_20_37,UNCERTAIN,MODERATE,YES,EMPTY,NONE,YES,ACCEPT,,YES,EXPERT1_PASS1_UNCERTAIN,ACCEPT,,RETAIN_RELEASED_MASK,train,,,False,not_recorded,True
CS002,coverage,positive_1_to_5pct,KX10_TIS_20221129_E48.88_N28.08_202200187363_L4B,cut256_from_head_centered_flat_8bit__KX10_TIS_20221129_E48.88_N28.08_202200187363_L4B_32_9,PRESENT,HIGH,YES,NONEMPTY,NONE,YES,ACCEPT,,NO,NOT_SELECTED,NOT_REVIEWED,,RETAIN_RELEASED_MASK,train,,,False,not_recorded,False
CS003,coverage,difficult_negative,KX10_TIS_20231112_E53.41_N35.13_202300425005_L4B,cut256_from_head_centered_flat_8bit__KX10_TIS_20231112_E53.41_N35.13_202300425005_L4B_13_34,PRESENT,HIGH,YES,EMPTY,PRESENT_WITH_EMPTY_MASK,YES,ACCEPT,,YES,PASS1_MASK_PRESENCE_CONFLICT,ACCEPT,,RETAIN_RELEASED_MASK,train,subsequent_author_account_for_the_seven_case_group,Initial target interpretation was reconsidered; the existing background label was accepted.,False,not_recorded,True
CS004,challenge,wide_high_fill,KX10_TIS_20230403_W8.55_N36.28_202300249763_L4B,cut256_from_head_centered_flat_8bit__KX10_TIS_20230403_W8.55_N36.28_202300249763_L4B_6_13,PRESENT,HIGH,YES,NONEMPTY,NONE,YES,ACCEPT,,NO,NOT_SELECTED,NOT_REVIEWED,,RETAIN_RELEASED_MASK,test,,,False,not_recorded,False
CS005,coverage,positive_gt_5pct,KX10_TIS_20230924_E0.31_N47.95_202300402791_L4B,cut256_from_head_centered_flat_8bit__KX10_TIS_20230924_E0.31_N47.95_202300402791_L4B_6_39,PRESENT,HIGH,YES,NONEMPTY,NONE,YES,ACCEPT,,YES,FIXED_20_PERCENT_CONCORDANT_AUDIT,ACCEPT,,RETAIN_RELEASED_MASK,train,,,False,not_recorded,False
CS006,challenge,wide_high_fill,KX10_TIS_20221113_W128.54_N51.48_202200179339_L4A,ORIGINAL_NEW_cut_8bit__KX10_TIS_20221113_W128.54_N51.48_202200179339_L4A_12_26,PRESENT,HIGH,YES,NONEMPTY,NONE,YES,ACCEPT,,NO,NOT_SELECTED,NOT_REVIEWED,,RETAIN_RELEASED_MASK,train,,,False,not_recorded,False
CS007,challenge,model_disagreement,KX10_TIS_20230629_E131.45_N29.38_202300365424_L4B,cut256_from_head_centered_flat_8bit__KX10_TIS_20230629_E131.45_N29.38_202300365424_L4B_20_36,UNCERTAIN,MODERATE,YES,EMPTY,NONE,YES,ACCEPT,,YES,EXPERT1_PASS1_UNCERTAIN,ACCEPT,,RETAIN_RELEASED_MASK,test,,,False,not_recorded,True
CS008,coverage,difficult_negative,KX10_TIS_20240522_E53.71_N28.01_202400053543_L4B,cut256_from_head_centered_flat_8bit__KX10_TIS_20240522_E53.71_N28.01_202400053543_L4B_36_4,ABSENT,HIGH,YES,EMPTY,NONE,NO,NOT_REQUIRED,,NO,NOT_SELECTED,NOT_REVIEWED,,RETAIN_RELEASED_MASK,validation,,,False,not_recorded,False
CS009,coverage,difficult_negative,KX10_TIS_20240108_E50.92_N26.09_202400002476_L4B,cut256_from_head_centered_flat_8bit__KX10_TIS_20240108_E50.92_N26.09_202400002476_L4B_30_16,ABSENT,HIGH,YES,EMPTY,NONE,NO,NOT_REQUIRED,,NO,NOT_SELECTED,NOT_REVIEWED,,RETAIN_RELEASED_MASK,train,,,False,not_recorded,False
CS010,coverage,positive_le_1pct,KX10_TIS_20240416_E49.96_N26.27_202400041238_L4B,cut256_from_head_centered_flat_8bit__KX10_TIS_20240416_E49.96_N26.27_202400041238_L4B_5_26,PRESENT,HIGH,YES,NONEMPTY,NONE,YES,ACCEPT,,NO,NOT_SELECTED,NOT_REVIEWED,,RETAIN_RELEASED_MASK,train,,,False,not_recorded,False
CS011,coverage,difficult_negative,KX10_TIS_20221205_E54.31_N24.73_202200189463_L4A,ORIGINAL_NEW_cut_8bit__KX10_TIS_20221205_E54.31_N24.73_202200189463_L4A_19_10,PRESENT,MODERATE,YES,EMPTY,PRESENT_WITH_EMPTY_MASK,YES,ACCEPT,,YES,PASS1_MASK_PRESENCE_CONFLICT,ACCEPT,,RETAIN_RELEASED_MASK,test,subsequent_author_account_for_the_seven_case_group,Initial target interpretation was reconsidered; the existing background label was accepted.,False,not_recorded,True
CS012,challenge,wide_high_fill,KX10_TIS_20221028_E49.91_N27.43_202200171632_L4B,cut256_from_head_centered_flat_8bit__KX10_TIS_20221028_E49.91_N27.43_202200171632_L4B_25_35,PRESENT,HIGH,YES,NONEMPTY,NONE,YES,ACCEPT,,NO,NOT_SELECTED,NOT_REVIEWED,,RETAIN_RELEASED_MASK,train,,,False,not_recorded,False
CS013,challenge,multiple_components,KX10_TIS_20221107_E49.72_N29.12_202200176589_L4B,cut256_from_head_centered_flat_8bit__KX10_TIS_20221107_E49.72_N29.12_202200176589_L4B_21_10,PRESENT,HIGH,YES,NONEMPTY,NONE,YES,ACCEPT,,NO,NOT_SELECTED,NOT_REVIEWED,,RETAIN_RELEASED_MASK,validation,,,False,not_recorded,False
CS014,challenge,multiple_components,KX10_TIS_20220927_E35.35_N59.20_202200157047_L4B,KX10_TIS_20220927_E35.35_N59.20_202200157047_L4B_y6528_x1536,PRESENT,MODERATE,YES,NONEMPTY,NONE,YES,ACCEPT,,NO,NOT_SELECTED,NOT_REVIEWED,,RETAIN_RELEASED_MASK,train,,,False,not_recorded,False
CS015,coverage,positive_1_to_5pct,KX10_TIS_20230316_E124.46_N30.97_202300093299_L4A,ORIGINAL_NEW_cut_8bit__KX10_TIS_20230316_E124.46_N30.97_202300093299_L4A_10_24,PRESENT,HIGH,YES,NONEMPTY,NONE,YES,ACCEPT,,NO,NOT_SELECTED,NOT_REVIEWED,,RETAIN_RELEASED_MASK,train,,,False,not_recorded,False
CS016,coverage,difficult_negative,KX10_TIS_20230108_E98.99_N11.57_202300003665_L4B,cut256_from_head_centered_flat_8bit__KX10_TIS_20230108_E98.99_N11.57_202300003665_L4B_28_23,ABSENT,HIGH,YES,EMPTY,NONE,NO,NOT_REQUIRED,,NO,NOT_SELECTED,NOT_REVIEWED,,RETAIN_RELEASED_MASK,train,,,False,not_recorded,False
CS017,challenge,wide_high_fill,KX10_TIS_20231228_E51.47_N25.56_202300444232_L4B,cut256_from_head_centered_flat_8bit__KX10_TIS_20231228_E51.47_N25.56_202300444232_L4B_11_41,PRESENT,HIGH,YES,NONEMPTY,NONE,YES,ACCEPT,,NO,NOT_SELECTED,NOT_REVIEWED,,RETAIN_RELEASED_MASK,train,,,False,not_recorded,False
CS018,coverage,positive_1_to_5pct,KX10_TIS_20230314_E168.44_N53.42_202300092568_L4A,ORIGINAL_NEW_cut_8bit__KX10_TIS_20230314_E168.44_N53.42_202300092568_L4A_25_23,PRESENT,HIGH,YES,NONEMPTY,NONE,YES,ACCEPT,,NO,NOT_SELECTED,NOT_REVIEWED,,RETAIN_RELEASED_MASK,train,,,False,not_recorded,False
CS019,coverage,difficult_negative,KX10_TIS_20240207_E77.14_N23.01_202400012431_L4B,cut256_from_head_centered_flat_8bit__KX10_TIS_20240207_E77.14_N23.01_202400012431_L4B_27_12,PRESENT,HIGH,YES,EMPTY,PRESENT_WITH_EMPTY_MASK,YES,ACCEPT,,YES,PASS1_MASK_PRESENCE_CONFLICT,ACCEPT,,RETAIN_RELEASED_MASK,train,subsequent_author_account_for_the_seven_case_group,Initial target interpretation was reconsidered; the existing background label was accepted.,False,not_recorded,True
CS020,challenge,model_disagreement,KX10_TIS_20230219_W100.37_N32.72_202300022686_L4B,cut256_from_head_centered_flat_8bit__KX10_TIS_20230219_W100.37_N32.72_202300022686_L4B_16_17,ABSENT,MODERATE,YES,EMPTY,NONE,NO,NOT_REQUIRED,,YES,FIXED_20_PERCENT_CONCORDANT_AUDIT,ACCEPT,,RETAIN_RELEASED_MASK,train,,,False,not_recorded,False
CS021,coverage,difficult_negative,KX10_TIS_20221108_E56.31_N61.53_202200177408_L4B,cut256_from_head_centered_flat_8bit__KX10_TIS_20221108_E56.31_N61.53_202200177408_L4B_30_5,ABSENT,HIGH,YES,EMPTY,NONE,NO,NOT_REQUIRED,,YES,FIXED_20_PERCENT_CONCORDANT_AUDIT,ACCEPT,,RETAIN_RELEASED_MASK,train,,,False,not_recorded,False
CS022,challenge,multiple_components,KX10_TIS_20220927_E34.33_N57.36_202200157031_L4B,KX10_TIS_20220927_E34.33_N57.36_202200157031_L4B_y1792_x6144,PRESENT,MODERATE,YES,NONEMPTY,NONE,YES,ACCEPT,,NO,NOT_SELECTED,NOT_REVIEWED,,RETAIN_RELEASED_MASK,train,,,False,not_recorded,False
CS023,coverage,difficult_negative,KX10_TIS_20240305_E110.44_N35.08_202400026619_L4B,cut256_from_head_centered_flat_8bit__KX10_TIS_20240305_E110.44_N35.08_202400026619_L4B_12_45,ABSENT,HIGH,YES,EMPTY,NONE,NO,NOT_REQUIRED,,YES,FIXED_20_PERCENT_CONCORDANT_AUDIT,ACCEPT,,RETAIN_RELEASED_MASK,train,,,False,not_recorded,False
CS024,challenge,model_disagreement,KX10_TIS_20221107_E49.72_N29.12_202200176589_L4A,ORIGINAL_NEW_cut_8bit__KX10_TIS_20221107_E49.72_N29.12_202200176589_L4A_14_17,PRESENT,MODERATE,YES,EMPTY,PRESENT_WITH_EMPTY_MASK,YES,ACCEPT,,YES,PASS1_MASK_PRESENCE_CONFLICT,ACCEPT,,RETAIN_RELEASED_MASK,validation,subsequent_author_account_for_the_seven_case_group,Initial target interpretation was reconsidered; the existing background label was accepted.,False,not_recorded,True
CS025,coverage,difficult_negative,KX10_TIS_20240228_W8.35_N43.56_202400024849_L4B,cut256_from_head_centered_flat_8bit__KX10_TIS_20240228_W8.35_N43.56_202400024849_L4B_3_23,ABSENT,MODERATE,YES,EMPTY,NONE,NO,NOT_REQUIRED,,NO,NOT_SELECTED,NOT_REVIEWED,,RETAIN_RELEASED_MASK,train,,,False,not_recorded,False
CS026,coverage,difficult_negative,KX10_TIS_20240127_E53.61_N21.53_202400009361_L4B,cut256_from_head_centered_flat_8bit__KX10_TIS_20240127_E53.61_N21.53_202400009361_L4B_9_14,UNCERTAIN,MODERATE,YES,EMPTY,NONE,YES,ACCEPT,,YES,EXPERT1_PASS1_UNCERTAIN,ACCEPT,,RETAIN_RELEASED_MASK,train,,,False,not_recorded,True
CS027,challenge,thin_low_fill,KX10_TIS_20220917_E56.71_N51.89_202200149935_L4B,KX10_TIS_20220917_E56.71_N51.89_202200149935_L4B_y4096_x9344,ABSENT,MODERATE,YES,NONEMPTY,ABSENT_WITH_NONEMPTY_MASK,YES,ACCEPT,,YES,PASS1_MASK_PRESENCE_CONFLICT,ACCEPT,,RETAIN_RELEASED_MASK,train,subsequent_author_account_for_the_six_case_group,Small contrail features were initially overlooked and recognized after viewing the mask location.,False,not_recorded,True
CS028,coverage,difficult_negative,KX10_TIS_20221129_E48.88_N28.08_202200187363_L4A,ORIGINAL_NEW_cut_8bit__KX10_TIS_20221129_E48.88_N28.08_202200187363_L4A_17_3,ABSENT,MODERATE,YES,EMPTY,NONE,NO,NOT_REQUIRED,,NO,NOT_SELECTED,NOT_REVIEWED,,RETAIN_RELEASED_MASK,train,,,False,not_recorded,False
CS029,coverage,positive_gt_5pct,KX10_TIS_20240221_E51.06_N25.48_202400017463_L4B,cut256_from_head_centered_flat_8bit__KX10_TIS_20240221_E51.06_N25.48_202400017463_L4B_8_47,PRESENT,HIGH,YES,NONEMPTY,NONE,YES,ACCEPT,,NO,NOT_SELECTED,NOT_REVIEWED,,RETAIN_RELEASED_MASK,test,,,False,not_recorded,False
CS030,challenge,multiple_components,KX10_TIS_20221107_E49.28_N27.24_202200176588_L4A,ORIGINAL_NEW_cut_8bit__KX10_TIS_20221107_E49.28_N27.24_202200176588_L4A_9_26,PRESENT,HIGH,YES,NONEMPTY,NONE,YES,ACCEPT,,YES,FIXED_20_PERCENT_CONCORDANT_AUDIT,ACCEPT,,RETAIN_RELEASED_MASK,validation,,,False,not_recorded,False
CS031,coverage,difficult_negative,KX10_TIS_20221112_E7.01_N46.47_202200178946_L4A,ORIGINAL_NEW_cut_8bit__KX10_TIS_20221112_E7.01_N46.47_202200178946_L4A_14_9,UNCERTAIN,MODERATE,YES,EMPTY,NONE,YES,ACCEPT,,YES,EXPERT1_PASS1_UNCERTAIN,ACCEPT,,RETAIN_RELEASED_MASK,train,,,False,not_recorded,True
CS032,challenge,wide_high_fill,KX10_TIS_20221208_E9.40_N40.93_202200190504_L4A,ORIGINAL_NEW_cut_8bit__KX10_TIS_20221208_E9.40_N40.93_202200190504_L4A_28_32,PRESENT,HIGH,YES,NONEMPTY,NONE,YES,ACCEPT,,NO,NOT_SELECTED,NOT_REVIEWED,,RETAIN_RELEASED_MASK,train,,,False,not_recorded,False
CS033,coverage,positive_le_1pct,KX10_TIS_20220826_W47.14_N76.96_202200138826_L4B,KX10_TIS_20220826_W47.14_N76.96_202200138826_L4B_y5888_x3456,PRESENT,HIGH,YES,NONEMPTY,NONE,YES,ACCEPT,,NO,NOT_SELECTED,NOT_REVIEWED,,RETAIN_RELEASED_MASK,train,,,False,not_recorded,False
CS034,coverage,difficult_negative,KX10_TIS_20240109_E17.96_N57.53_202400002852_L4B,cut256_from_head_centered_flat_8bit__KX10_TIS_20240109_E17.96_N57.53_202400002852_L4B_31_8,ABSENT,MODERATE,YES,EMPTY,NONE,NO,NOT_REQUIRED,,NO,NOT_SELECTED,NOT_REVIEWED,,RETAIN_RELEASED_MASK,train,,,False,not_recorded,False
CS035,challenge,multiple_components,KX10_TIS_20221018_E50.57_N26.96_202200165574_L4A,ORIGINAL_NEW_cut_8bit__KX10_TIS_20221018_E50.57_N26.96_202200165574_L4A_11_15,PRESENT,HIGH,YES,NONEMPTY,NONE,YES,ACCEPT,,YES,FIXED_20_PERCENT_CONCORDANT_AUDIT,ACCEPT,,RETAIN_RELEASED_MASK,train,,,False,not_recorded,False
CS036,challenge,wide_high_fill,KX10_TIS_20240221_E51.49_N27.36_202400017462_L4B,cut256_from_head_centered_flat_8bit__KX10_TIS_20240221_E51.49_N27.36_202400017462_L4B_32_39,PRESENT,HIGH,YES,NONEMPTY,NONE,YES,ACCEPT,,NO,NOT_SELECTED,NOT_REVIEWED,,RETAIN_RELEASED_MASK,test,,,False,not_recorded,False
CS037,challenge,thin_low_fill,KX10_TIS_20221105_W2.99_N43.96_202200175438_L4B,cut256_from_head_centered_flat_8bit__KX10_TIS_20221105_W2.99_N43.96_202200175438_L4B_21_12,PRESENT,MODERATE,YES,NONEMPTY,NONE,YES,ACCEPT,,NO,NOT_SELECTED,NOT_REVIEWED,,RETAIN_RELEASED_MASK,train,,,False,not_recorded,False
CS038,coverage,positive_1_to_5pct,KX10_TIS_20220915_E107.02_N6.95_202200148665_L4B,KX10_TIS_20220915_E107.02_N6.95_202200148665_L4B_y7808_x4608,PRESENT,HIGH,YES,NONEMPTY,NONE,YES,ACCEPT,,NO,NOT_SELECTED,NOT_REVIEWED,,RETAIN_RELEASED_MASK,test,,,False,not_recorded,False
CS039,coverage,positive_le_1pct,KX10_TIS_20221028_E50.35_N29.31_202200171631_L4B,cut256_from_head_centered_flat_8bit__KX10_TIS_20221028_E50.35_N29.31_202200171631_L4B_29_12,PRESENT,HIGH,YES,NONEMPTY,NONE,YES,ACCEPT,,NO,NOT_SELECTED,NOT_REVIEWED,,RETAIN_RELEASED_MASK,train,,,False,not_recorded,False
CS040,coverage,positive_le_1pct,KX10_TIS_20230301_W48.36_S13.76_202300028464_L4B,cut256_from_head_centered_flat_8bit__KX10_TIS_20230301_W48.36_S13.76_202300028464_L4B_18_14,PRESENT,HIGH,YES,NONEMPTY,NONE,YES,ACCEPT,,NO,NOT_SELECTED,NOT_REVIEWED,,RETAIN_RELEASED_MASK,test,,,False,not_recorded,False
CS041,challenge,thin_low_fill,KX10_TIS_20231102_E59.34_N22.39_202300421948_L4B,cut256_from_head_centered_flat_8bit__KX10_TIS_20231102_E59.34_N22.39_202300421948_L4B_40_29,ABSENT,HIGH,YES,NONEMPTY,ABSENT_WITH_NONEMPTY_MASK,YES,ACCEPT,,YES,PASS1_MASK_PRESENCE_CONFLICT,ACCEPT,,RETAIN_RELEASED_MASK,train,subsequent_author_account_for_the_six_case_group,Small contrail features were initially overlooked and recognized after viewing the mask location.,False,not_recorded,True
CS042,coverage,difficult_negative,KX10_TIS_20231011_E34.12_S9.71_202300408492_L4B,cut256_from_head_centered_flat_8bit__KX10_TIS_20231011_E34.12_S9.71_202300408492_L4B_29_19,PRESENT,MODERATE,YES,EMPTY,PRESENT_WITH_EMPTY_MASK,YES,ACCEPT,,YES,PASS1_MASK_PRESENCE_CONFLICT,ACCEPT,,RETAIN_RELEASED_MASK,validation,subsequent_author_account_for_the_seven_case_group,Initial target interpretation was reconsidered; the existing background label was accepted.,False,not_recorded,True
CS043,coverage,positive_le_1pct,KX10_TIS_20221127_E5.48_N43.16_202200185888_L4B,cut256_from_head_centered_flat_8bit__KX10_TIS_20221127_E5.48_N43.16_202200185888_L4B_36_19,PRESENT,HIGH,YES,NONEMPTY,NONE,YES,ACCEPT,,NO,NOT_SELECTED,NOT_REVIEWED,,RETAIN_RELEASED_MASK,train,,,False,not_recorded,False
CS044,challenge,thin_low_fill,KX10_TIS_20221204_E49.44_N25.35_202200188539_L4B,cut256_from_head_centered_flat_8bit__KX10_TIS_20221204_E49.44_N25.35_202200188539_L4B_12_7,PRESENT,HIGH,YES,NONEMPTY,NONE,YES,ACCEPT,,NO,NOT_SELECTED,NOT_REVIEWED,,RETAIN_RELEASED_MASK,train,,,False,not_recorded,False
CS045,coverage,positive_gt_5pct,KX10_TIS_20240303_E52.75_N29.10_202400026047_L4B,cut256_from_head_centered_flat_8bit__KX10_TIS_20240303_E52.75_N29.10_202400026047_L4B_35_20,PRESENT,HIGH,YES,NONEMPTY,NONE,YES,ACCEPT,,YES,FIXED_20_PERCENT_CONCORDANT_AUDIT,ACCEPT,,RETAIN_RELEASED_MASK,validation,,,False,not_recorded,False
CS046,challenge,multiple_components,KX10_TIS_20221112_E7.67_N48.32_202200178959_L4A,ORIGINAL_NEW_cut_8bit__KX10_TIS_20221112_E7.67_N48.32_202200178959_L4A_17_17,PRESENT,HIGH,YES,NONEMPTY,NONE,YES,ACCEPT,,YES,FIXED_20_PERCENT_CONCORDANT_AUDIT,ACCEPT,,RETAIN_RELEASED_MASK,train,,,False,not_recorded,False
CS047,challenge,wide_high_fill,KX10_TIS_20240125_E52.50_N25.67_202400008255_L4B,cut256_from_head_centered_flat_8bit__KX10_TIS_20240125_E52.50_N25.67_202400008255_L4B_21_27,PRESENT,HIGH,YES,NONEMPTY,NONE,YES,ACCEPT,,NO,NOT_SELECTED,NOT_REVIEWED,,RETAIN_RELEASED_MASK,train,,,False,not_recorded,False
CS048,challenge,thin_low_fill,KX10_TIS_20220927_E51.90_N59.10_202200156983_L4B,KX10_TIS_20220927_E51.90_N59.10_202200156983_L4B_y4224_x8320,ABSENT,MODERATE,YES,NONEMPTY,ABSENT_WITH_NONEMPTY_MASK,YES,ACCEPT,,YES,PASS1_MASK_PRESENCE_CONFLICT,ACCEPT,,RETAIN_RELEASED_MASK,train,subsequent_author_account_for_the_six_case_group,Small contrail features were initially overlooked and recognized after viewing the mask location.,False,not_recorded,True
CS049,coverage,positive_1_to_5pct,KX10_TIS_20240129_W117.81_N34.59_202400009638_L4B,cut256_from_head_centered_flat_8bit__KX10_TIS_20240129_W117.81_N34.59_202400009638_L4B_14_40,PRESENT,HIGH,YES,NONEMPTY,NONE,YES,ACCEPT,,NO,NOT_SELECTED,NOT_REVIEWED,,RETAIN_RELEASED_MASK,train,,,False,not_recorded,False
CS050,coverage,positive_le_1pct,KX10_TIS_20240123_E50.11_N55.11_202400007488_L4B,cut256_from_head_centered_flat_8bit__KX10_TIS_20240123_E50.11_N55.11_202400007488_L4B_16_10,PRESENT,HIGH,YES,NONEMPTY,NONE,YES,ACCEPT,,NO,NOT_SELECTED,NOT_REVIEWED,,RETAIN_RELEASED_MASK,train,,,False,not_recorded,False
CS051,coverage,positive_gt_5pct,KX10_TIS_20230316_E124.23_N30.03_202300093296_L4A,ORIGINAL_NEW_cut_8bit__KX10_TIS_20230316_E124.23_N30.03_202300093296_L4A_9_4,PRESENT,HIGH,YES,NONEMPTY,NONE,YES,ACCEPT,,YES,FIXED_20_PERCENT_CONCORDANT_AUDIT,ACCEPT,,RETAIN_RELEASED_MASK,train,,,False,not_recorded,False
CS052,challenge,multiple_components,KX10_TIS_20230919_E1.51_N50.51_202300398283_L4B,cut256_from_head_centered_flat_8bit__KX10_TIS_20230919_E1.51_N50.51_202300398283_L4B_32_32,PRESENT,HIGH,YES,NONEMPTY,NONE,YES,ACCEPT,,NO,NOT_SELECTED,NOT_REVIEWED,,RETAIN_RELEASED_MASK,train,,,False,not_recorded,False
CS053,coverage,difficult_negative,KX10_TIS_20221129_W125.15_N41.53_202200186686_L4B,cut256_from_head_centered_flat_8bit__KX10_TIS_20221129_W125.15_N41.53_202200186686_L4B_14_14,UNCERTAIN,MODERATE,YES,EMPTY,NONE,YES,ACCEPT,,YES,EXPERT1_PASS1_UNCERTAIN,ACCEPT,,RETAIN_RELEASED_MASK,train,,,False,not_recorded,True
CS054,coverage,difficult_negative,KX10_TIS_20230225_E46.24_N45.50_202300026004_L4B,cut256_from_head_centered_flat_8bit__KX10_TIS_20230225_E46.24_N45.50_202300026004_L4B_17_4,PRESENT,MODERATE,YES,EMPTY,PRESENT_WITH_EMPTY_MASK,YES,ACCEPT,,YES,PASS1_MASK_PRESENCE_CONFLICT,ACCEPT,,RETAIN_RELEASED_MASK,test,subsequent_author_account_for_the_seven_case_group,Initial target interpretation was reconsidered; the existing background label was accepted.,False,not_recorded,True
CS055,challenge,model_disagreement,KX10_TIS_20221127_E48.11_N24.95_202200185893_L4B,cut256_from_head_centered_flat_8bit__KX10_TIS_20221127_E48.11_N24.95_202200185893_L4B_36_36,ABSENT,MODERATE,YES,EMPTY,NONE,NO,NOT_REQUIRED,,YES,FIXED_20_PERCENT_CONCORDANT_AUDIT,ACCEPT,,RETAIN_RELEASED_MASK,train,,,False,not_recorded,False
CS056,coverage,difficult_negative,KX10_TIS_20231227_E48.07_N29.23_202300443909_L4B,cut256_from_head_centered_flat_8bit__KX10_TIS_20231227_E48.07_N29.23_202300443909_L4B_9_45,ABSENT,MODERATE,YES,EMPTY,NONE,NO,NOT_REQUIRED,,NO,NOT_SELECTED,NOT_REVIEWED,,RETAIN_RELEASED_MASK,train,,,False,not_recorded,False
CS057,coverage,positive_1_to_5pct,KX10_TIS_20230220_E49.41_N38.33_202300023672_L4B,cut256_from_head_centered_flat_8bit__KX10_TIS_20230220_E49.41_N38.33_202300023672_L4B_19_32,PRESENT,HIGH,YES,NONEMPTY,NONE,YES,ACCEPT,,NO,NOT_SELECTED,NOT_REVIEWED,,RETAIN_RELEASED_MASK,train,,,False,not_recorded,False
CS058,challenge,model_disagreement,KX10_TIS_20230310_E27.96_N39.34_202300091668_L4B,cut256_from_head_centered_flat_8bit__KX10_TIS_20230310_E27.96_N39.34_202300091668_L4B_30_26,ABSENT,HIGH,YES,EMPTY,NONE,NO,NOT_REQUIRED,,NO,NOT_SELECTED,NOT_REVIEWED,,RETAIN_RELEASED_MASK,train,,,False,not_recorded,False
CS059,coverage,difficult_negative,KX10_TIS_20221112_E48.75_N25.85_202200178962_L4B,cut256_from_head_centered_flat_8bit__KX10_TIS_20221112_E48.75_N25.85_202200178962_L4B_6_41,ABSENT,MODERATE,YES,EMPTY,NONE,NO,NOT_REQUIRED,,NO,NOT_SELECTED,NOT_REVIEWED,,RETAIN_RELEASED_MASK,train,,,False,not_recorded,False
CS060,challenge,thin_low_fill,KX10_TIS_20220927_E40.62_N66.43_202200157040_L4B,ORI_1_8bit__KX10_TIS_20220927_E40.62_N66.43_202200157040_L4B_36_42,UNCERTAIN,MODERATE,YES,NONEMPTY,NONE,YES,ACCEPT,,YES,EXPERT1_PASS1_UNCERTAIN,ACCEPT,,RETAIN_RELEASED_MASK,train,,,False,not_recorded,True
CS061,coverage,difficult_negative,KX10_TIS_20231111_W0.02_N40.78_202300424730_L4B,cut256_from_head_centered_flat_8bit__KX10_TIS_20231111_W0.02_N40.78_202300424730_L4B_16_25,ABSENT,HIGH,YES,EMPTY,NONE,NO,NOT_REQUIRED,,NO,NOT_SELECTED,NOT_REVIEWED,,RETAIN_RELEASED_MASK,test,,,False,not_recorded,False
CS062,coverage,difficult_negative,KX10_TIS_20240727_E52.78_N25.28_202400076837_L4B,cut256_from_head_centered_flat_8bit__KX10_TIS_20240727_E52.78_N25.28_202400076837_L4B_8_24,ABSENT,MODERATE,YES,EMPTY,NONE,NO,NOT_REQUIRED,,YES,FIXED_20_PERCENT_CONCORDANT_AUDIT,ACCEPT,,RETAIN_RELEASED_MASK,test,,,False,not_recorded,False
CS063,coverage,positive_gt_5pct,KX10_TIS_20221126_E67.10_N25.08_202200185652_L4A,ORIGINAL_NEW_cut_8bit__KX10_TIS_20221126_E67.10_N25.08_202200185652_L4A_19_38,PRESENT,HIGH,YES,NONEMPTY,NONE,YES,ACCEPT,,NO,NOT_SELECTED,NOT_REVIEWED,,RETAIN_RELEASED_MASK,train,,,False,not_recorded,False
CS064,coverage,difficult_negative,KX10_TIS_20221112_E48.75_N25.85_202200178962_L4A,ORIGINAL_NEW_cut_8bit__KX10_TIS_20221112_E48.75_N25.85_202200178962_L4A_19_37,UNCERTAIN,MODERATE,YES,EMPTY,NONE,YES,ACCEPT,,YES,EXPERT1_PASS1_UNCERTAIN,ACCEPT,,RETAIN_RELEASED_MASK,train,,,False,not_recorded,True
CS065,coverage,difficult_negative,KX10_TIS_20240127_E51.92_N29.07_202400009386_L4B,cut256_from_head_centered_flat_8bit__KX10_TIS_20240127_E51.92_N29.07_202400009386_L4B_40_10,ABSENT,MODERATE,YES,EMPTY,NONE,NO,NOT_REQUIRED,,YES,FIXED_20_PERCENT_CONCORDANT_AUDIT,ACCEPT,,RETAIN_RELEASED_MASK,train,,,False,not_recorded,False
CS066,coverage,positive_1_to_5pct,KX10_TIS_20221205_W119.59_N38.40_202200188675_L4B,cut256_from_head_centered_flat_8bit__KX10_TIS_20221205_W119.59_N38.40_202200188675_L4B_41_19,PRESENT,HIGH,YES,NONEMPTY,NONE,YES,ACCEPT,,NO,NOT_SELECTED,NOT_REVIEWED,,RETAIN_RELEASED_MASK,test,,,False,not_recorded,False
CS067,coverage,difficult_negative,KX10_TIS_20240123_E49.21_N56.95_202400007489_L4B,cut256_from_head_centered_flat_8bit__KX10_TIS_20240123_E49.21_N56.95_202400007489_L4B_35_22,ABSENT,MODERATE,YES,EMPTY,NONE,NO,NOT_REQUIRED,,NO,NOT_SELECTED,NOT_REVIEWED,,RETAIN_RELEASED_MASK,train,,,False,not_recorded,False
CS068,challenge,model_disagreement,KX10_TIS_20240204_E5.58_N43.74_202400011349_L4B,cut256_from_head_centered_flat_8bit__KX10_TIS_20240204_E5.58_N43.74_202400011349_L4B_28_41,PRESENT,MODERATE,YES,EMPTY,PRESENT_WITH_EMPTY_MASK,YES,ACCEPT,,YES,PASS1_MASK_PRESENCE_CONFLICT,ACCEPT,,RETAIN_RELEASED_MASK,test,subsequent_author_account_for_the_seven_case_group,Initial target interpretation was reconsidered; the existing background label was accepted.,False,not_recorded,True
CS069,challenge,multiple_components,KX10_TIS_20240110_E50.73_N26.44_202400003279_L4B,cut256_from_head_centered_flat_8bit__KX10_TIS_20240110_E50.73_N26.44_202400003279_L4B_14_19,PRESENT,HIGH,YES,NONEMPTY,NONE,YES,ACCEPT,,NO,NOT_SELECTED,NOT_REVIEWED,,RETAIN_RELEASED_MASK,test,,,False,not_recorded,False
CS070,coverage,positive_gt_5pct,KX10_TIS_20221129_E12.08_N62.94_202200187353_L4B,cut256_from_head_centered_flat_8bit__KX10_TIS_20221129_E12.08_N62.94_202200187353_L4B_38_32,PRESENT,HIGH,YES,NONEMPTY,NONE,YES,ACCEPT,,NO,NOT_SELECTED,NOT_REVIEWED,,RETAIN_RELEASED_MASK,train,,,False,not_recorded,False
CS071,challenge,model_disagreement,KX10_TIS_20230518_E49.28_N49.14_202300352033_L4B,cut256_from_head_centered_flat_8bit__KX10_TIS_20230518_E49.28_N49.14_202300352033_L4B_19_35,ABSENT,HIGH,YES,EMPTY,NONE,NO,NOT_REQUIRED,,NO,NOT_SELECTED,NOT_REVIEWED,,RETAIN_RELEASED_MASK,validation,,,False,not_recorded,False
CS072,challenge,thin_low_fill,KX10_TIS_20220924_E21.23_N42.41_202200154514_L4B,KX10_TIS_20220924_E21.23_N42.41_202200154514_L4B_y3968_x2816,UNCERTAIN,MODERATE,YES,NONEMPTY,NONE,YES,ACCEPT,,YES,EXPERT1_PASS1_UNCERTAIN,ACCEPT,,RETAIN_RELEASED_MASK,validation,,,False,not_recorded,True
CS073,coverage,difficult_negative,KX10_TIS_20230904_E4.41_N41.89_202300392702_L4B,cut256_from_head_centered_flat_8bit__KX10_TIS_20230904_E4.41_N41.89_202300392702_L4B_14_7,UNCERTAIN,MODERATE,YES,EMPTY,NONE,YES,ACCEPT,,YES,EXPERT1_PASS1_UNCERTAIN,ACCEPT,,RETAIN_RELEASED_MASK,validation,,,False,not_recorded,True
CS074,coverage,difficult_negative,KX10_TIS_20240109_E14.36_N53.97_202400002974_L4B,cut256_from_head_centered_flat_8bit__KX10_TIS_20240109_E14.36_N53.97_202400002974_L4B_15_42,ABSENT,MODERATE,YES,EMPTY,NONE,NO,NOT_REQUIRED,,YES,FIXED_20_PERCENT_CONCORDANT_AUDIT,ACCEPT,,RETAIN_RELEASED_MASK,train,,,False,not_recorded,False
CS075,challenge,thin_low_fill,KX10_TIS_20220927_E52.90_N57.26_202200156977_L4B,KX10_TIS_20220927_E52.90_N57.26_202200156977_L4B_y2176_x4992,ABSENT,MODERATE,YES,NONEMPTY,ABSENT_WITH_NONEMPTY_MASK,YES,ACCEPT,,YES,PASS1_MASK_PRESENCE_CONFLICT,ACCEPT,,RETAIN_RELEASED_MASK,train,subsequent_author_account_for_the_six_case_group,Small contrail features were initially overlooked and recognized after viewing the mask location.,False,not_recorded,True
CS076,challenge,wide_high_fill,KX10_TIS_20221127_E5.48_N43.16_202200185888_L4A,ORIGINAL_NEW_cut_8bit__KX10_TIS_20221127_E5.48_N43.16_202200185888_L4A_35_8,PRESENT,HIGH,YES,NONEMPTY,NONE,YES,ACCEPT,,NO,NOT_SELECTED,NOT_REVIEWED,,RETAIN_RELEASED_MASK,train,,,False,not_recorded,False
CS077,coverage,difficult_negative,KX10_TIS_20221210_W93.96_N30.77_202200190950_L4A,ORIGINAL_NEW_cut_8bit__KX10_TIS_20221210_W93.96_N30.77_202200190950_L4A_28_31,ABSENT,MODERATE,YES,EMPTY,NONE,NO,NOT_REQUIRED,,NO,NOT_SELECTED,NOT_REVIEWED,,RETAIN_RELEASED_MASK,train,,,False,not_recorded,False
CS078,coverage,positive_gt_5pct,KX10_TIS_20230316_E40.06_N40.55_202300102148_L4A,ORIGINAL_NEW_cut_8bit__KX10_TIS_20230316_E40.06_N40.55_202300102148_L4A_11_41,PRESENT,HIGH,YES,NONEMPTY,NONE,YES,ACCEPT,,NO,NOT_SELECTED,NOT_REVIEWED,,RETAIN_RELEASED_MASK,train,,,False,not_recorded,False
CS079,coverage,positive_le_1pct,KX10_TIS_20230409_E52.39_N29.97_202300291261_L4B,cut256_from_head_centered_flat_8bit__KX10_TIS_20230409_E52.39_N29.97_202300291261_L4B_13_3,ABSENT,MODERATE,YES,NONEMPTY,ABSENT_WITH_NONEMPTY_MASK,YES,ACCEPT,,YES,PASS1_MASK_PRESENCE_CONFLICT,ACCEPT,,RETAIN_RELEASED_MASK,train,subsequent_author_account_for_the_six_case_group,Small contrail features were initially overlooked and recognized after viewing the mask location.,False,not_recorded,True
CS080,coverage,positive_gt_5pct,KX10_TIS_20231211_E51.26_N27.16_202300438918_L4B,cut256_from_head_centered_flat_8bit__KX10_TIS_20231211_E51.26_N27.16_202300438918_L4B_28_19,PRESENT,HIGH,YES,NONEMPTY,NONE,YES,ACCEPT,,NO,NOT_SELECTED,NOT_REVIEWED,,RETAIN_RELEASED_MASK,train,,,False,not_recorded,False
CS081,coverage,positive_le_1pct,KX10_TIS_20221209_E74.21_N20.30_202200190823_L4A,ORIGINAL_NEW_cut_8bit__KX10_TIS_20221209_E74.21_N20.30_202200190823_L4A_29_43,PRESENT,HIGH,YES,NONEMPTY,NONE,YES,ACCEPT,,NO,NOT_SELECTED,NOT_REVIEWED,,RETAIN_RELEASED_MASK,train,,,False,not_recorded,False
CS082,coverage,positive_le_1pct,KX10_TIS_20221117_E48.89_N27.25_202200182127_L4B,cut256_from_head_centered_flat_8bit__KX10_TIS_20221117_E48.89_N27.25_202200182127_L4B_10_32,PRESENT,HIGH,YES,NONEMPTY,NONE,YES,ACCEPT,,NO,NOT_SELECTED,NOT_REVIEWED,,RETAIN_RELEASED_MASK,train,,,False,not_recorded,False
CS083,challenge,thin_low_fill,KX10_TIS_20221011_W73.56_N50.77_202200162140_L4A,KX10_TIS_20221011_W73.56_N50.77_202200162140_L4A_y4224_x5248,ABSENT,MODERATE,YES,NONEMPTY,ABSENT_WITH_NONEMPTY_MASK,YES,ACCEPT,,YES,PASS1_MASK_PRESENCE_CONFLICT,ACCEPT,,RETAIN_RELEASED_MASK,test,subsequent_author_account_for_the_six_case_group,Small contrail features were initially overlooked and recognized after viewing the mask location.,False,not_recorded,True
CS084,coverage,positive_le_1pct,KX10_TIS_20230316_E124.01_N29.10_202300093298_L4A,ORIGINAL_NEW_cut_8bit__KX10_TIS_20230316_E124.01_N29.10_202300093298_L4A_5_3,PRESENT,MODERATE,YES,NONEMPTY,NONE,YES,ACCEPT,,NO,NOT_SELECTED,NOT_REVIEWED,,RETAIN_RELEASED_MASK,train,,,False,not_recorded,False
CS085,challenge,multiple_components,KX10_TIS_20221003_W112.32_N54.75_202200158783_L4A,KX10_TIS_20221003_W112.32_N54.75_202200158783_L4A_y6272_x4480,PRESENT,MODERATE,YES,NONEMPTY,NONE,YES,ACCEPT,,NO,NOT_SELECTED,NOT_REVIEWED,,RETAIN_RELEASED_MASK,train,,,False,not_recorded,False
CS086,challenge,model_disagreement,KX10_TIS_20221028_E49.48_N25.54_202200171629_L4B,cut256_from_head_centered_flat_8bit__KX10_TIS_20221028_E49.48_N25.54_202200171629_L4B_23_10,ABSENT,MODERATE,YES,EMPTY,NONE,NO,NOT_REQUIRED,,NO,NOT_SELECTED,NOT_REVIEWED,,RETAIN_RELEASED_MASK,train,,,False,not_recorded,False
CS087,coverage,positive_1_to_5pct,KX10_TIS_20221117_E49.33_N29.13_202200182125_L4B,cut256_from_head_centered_flat_8bit__KX10_TIS_20221117_E49.33_N29.13_202200182125_L4B_25_18,PRESENT,HIGH,YES,NONEMPTY,NONE,YES,ACCEPT,,NO,NOT_SELECTED,NOT_REVIEWED,,RETAIN_RELEASED_MASK,train,,,False,not_recorded,False
CS088,coverage,difficult_negative,KX10_TIS_20220927_E116.08_N12.84_202200156836_L4B,ORI_1_8bit__KX10_TIS_20220927_E116.08_N12.84_202200156836_L4B_18_34,ABSENT,MODERATE,YES,EMPTY,NONE,NO,NOT_REQUIRED,,NO,NOT_SELECTED,NOT_REVIEWED,,RETAIN_RELEASED_MASK,train,,,False,not_recorded,False
CS089,challenge,wide_high_fill,KX10_TIS_20221018_E67.32_N18.01_202200165645_L4A,ORIGINAL_NEW_cut_8bit__KX10_TIS_20221018_E67.32_N18.01_202200165645_L4A_21_32,PRESENT,MODERATE,YES,NONEMPTY,NONE,YES,ACCEPT,,YES,FIXED_20_PERCENT_CONCORDANT_AUDIT,ACCEPT,,RETAIN_RELEASED_MASK,train,,,False,not_recorded,False
CS090,coverage,difficult_negative,KX10_TIS_20221215_E51.18_N37.45_202200193780_L4B,cut256_from_head_centered_flat_8bit__KX10_TIS_20221215_E51.18_N37.45_202200193780_L4B_16_4,ABSENT,MODERATE,YES,EMPTY,NONE,NO,NOT_REQUIRED,,NO,NOT_SELECTED,NOT_REVIEWED,,RETAIN_RELEASED_MASK,train,,,False,not_recorded,False
CS091,challenge,thin_low_fill,KX10_TIS_20221031_W119.07_N40.59_202200172248_L4B,cut256_from_head_centered_flat_8bit__KX10_TIS_20221031_W119.07_N40.59_202200172248_L4B_11_8,PRESENT,HIGH,YES,NONEMPTY,NONE,YES,ACCEPT,,NO,NOT_SELECTED,NOT_REVIEWED,,RETAIN_RELEASED_MASK,train,,,False,not_recorded,False
CS092,coverage,positive_gt_5pct,KX10_TIS_20221223_E53.02_N25.92_202200199153_L4B,cut256_from_head_centered_flat_8bit__KX10_TIS_20221223_E53.02_N25.92_202200199153_L4B_22_25,PRESENT,HIGH,YES,NONEMPTY,NONE,YES,ACCEPT,,NO,NOT_SELECTED,NOT_REVIEWED,,RETAIN_RELEASED_MASK,train,,,False,not_recorded,False
CS093,coverage,positive_1_to_5pct,KX10_TIS_20221210_W1.70_N53.51_202200191115_L4A,ORIGINAL_NEW_cut_8bit__KX10_TIS_20221210_W1.70_N53.51_202200191115_L4A_27_32,PRESENT,HIGH,YES,NONEMPTY,NONE,YES,ACCEPT,,NO,NOT_SELECTED,NOT_REVIEWED,,RETAIN_RELEASED_MASK,train,,,False,not_recorded,False
CS094,challenge,model_disagreement,KX10_TIS_20221230_E52.48_N32.85_202200205718_L4B,cut256_from_head_centered_flat_8bit__KX10_TIS_20221230_E52.48_N32.85_202200205718_L4B_43_13,UNCERTAIN,MODERATE,YES,EMPTY,NONE,YES,ACCEPT,,YES,EXPERT1_PASS1_UNCERTAIN,ACCEPT,,RETAIN_RELEASED_MASK,train,,,False,not_recorded,True
CS095,challenge,model_disagreement,KX10_TIS_20221112_E5.79_N42.74_202200178956_L4A,ORIGINAL_NEW_cut_8bit__KX10_TIS_20221112_E5.79_N42.74_202200178956_L4A_13_18,ABSENT,MODERATE,YES,EMPTY,NONE,NO,NOT_REQUIRED,,NO,NOT_SELECTED,NOT_REVIEWED,,RETAIN_RELEASED_MASK,train,,,False,not_recorded,False
CS096,challenge,multiple_components,KX10_TIS_20221107_E49.28_N27.24_202200176588_L4B,cut256_from_head_centered_flat_8bit__KX10_TIS_20221107_E49.28_N27.24_202200176588_L4B_9_26,PRESENT,HIGH,YES,NONEMPTY,NONE,YES,ACCEPT,,NO,NOT_SELECTED,NOT_REVIEWED,,RETAIN_RELEASED_MASK,validation,,,False,not_recorded,False
CS097,coverage,positive_1_to_5pct,KX10_TIS_20240115_W73.80_N23.45_202400004636_L4B,cut256_from_head_centered_flat_8bit__KX10_TIS_20240115_W73.80_N23.45_202400004636_L4B_38_33,PRESENT,HIGH,YES,NONEMPTY,NONE,YES,ACCEPT,,NO,NOT_SELECTED,NOT_REVIEWED,,RETAIN_RELEASED_MASK,train,,,False,not_recorded,False
CS098,coverage,difficult_negative,KX10_TIS_20221230_E51.99_N34.73_202200205720_L4B,cut256_from_head_centered_flat_8bit__KX10_TIS_20221230_E51.99_N34.73_202200205720_L4B_30_30,ABSENT,MODERATE,YES,EMPTY,NONE,NO,NOT_REQUIRED,,YES,FIXED_20_PERCENT_CONCORDANT_AUDIT,ACCEPT,,RETAIN_RELEASED_MASK,train,,,False,not_recorded,False
CS099,coverage,positive_gt_5pct,KX10_TIS_20221204_E49.44_N25.35_202200188539_L4A,ORIGINAL_NEW_cut_8bit__KX10_TIS_20221204_E49.44_N25.35_202200188539_L4A_20_11,PRESENT,HIGH,YES,NONEMPTY,NONE,YES,ACCEPT,,YES,FIXED_20_PERCENT_CONCORDANT_AUDIT,ACCEPT,,RETAIN_RELEASED_MASK,train,,,False,not_recorded,False
CS100,challenge,wide_high_fill,KX10_TIS_20231228_E51.89_N27.44_202300444230_L4B,cut256_from_head_centered_flat_8bit__KX10_TIS_20231228_E51.89_N27.44_202300444230_L4B_31_14,PRESENT,HIGH,YES,NONEMPTY,NONE,YES,ACCEPT,,NO,NOT_SELECTED,NOT_REVIEWED,,RETAIN_RELEASED_MASK,train,,,False,not_recorded,False
