case_id,record_id,source_product_id,scene_id,source_product_level,source_raster_filename,source_width_px,source_height_px,col_offset_px,row_offset_px,width_px,height_px,window_pixel_exact,crs,affine_a,affine_b,affine_c,affine_d,affine_e,affine_f
CS001,cut256_from_head_centered_flat_8bit__KX10_TIS_20240205_E51.81_N22.15_202400011698_L4B_20_37,202400011698,KX10_TIS_20240205_E51.81_N22.15_202400011698_L4B,L4B,KX10_TIS_20240205_E51.81_N22.15_202400011698_L4B.tiff,12150,10310,9216,4864,256,256,True,EPSG:32639,30.0,0.0,401199.57642605173,0.0,-30.0,2613018.551072783
CS002,cut256_from_head_centered_flat_8bit__KX10_TIS_20221129_E48.88_N28.08_202200187363_L4B_32_9,202200187363,KX10_TIS_20221129_E48.88_N28.08_202200187363_L4B,L4B,KX10_TIS_20221129_E48.88_N28.08_202200187363_L4B.tiff,11628,11644,2048,7936,256,256,True,EPSG:32639,30.0,0.0,119925.10922074073,0.0,-30.0,3276786.803781245
CS003,cut256_from_head_centered_flat_8bit__KX10_TIS_20231112_E53.41_N35.13_202300425005_L4B_13_34,202300425005,KX10_TIS_20231112_E53.41_N35.13_202300425005_L4B,L4B,KX10_TIS_20231112_E53.41_N35.13_202300425005_L4B.tiff,12159,12104,8448,3072,256,256,True,EPSG:32639,30.0,0.0,540350.0658798846,0.0,-30.0,4066625.971035991
CS004,cut256_from_head_centered_flat_8bit__KX10_TIS_20230403_W8.55_N36.28_202300249763_L4B_6_13,202300249763,KX10_TIS_20230403_W8.55_N36.28_202300249763_L4B,L4B,KX10_TIS_20230403_W8.55_N36.28_202300249763_L4B.tiff,12326,10454,3072,1280,256,256,True,EPSG:32629,30.0,0.0,355654.58482491644,0.0,-30.0,4180183.651213294
CS005,cut256_from_head_centered_flat_8bit__KX10_TIS_20230924_E0.31_N47.95_202300402791_L4B_6_39,202300402791,KX10_TIS_20230924_E0.31_N47.95_202300402791_L4B,L4B,KX10_TIS_20230924_E0.31_N47.95_202300402791_L4B.tiff,11961,11837,9728,1280,256,256,True,EPSG:32631,30.0,0.0,121503.37393317901,0.0,-30.0,5486878.07325672
CS006,ORIGINAL_NEW_cut_8bit__KX10_TIS_20221113_W128.54_N51.48_202200179339_L4A_12_26,202200179339,KX10_TIS_20221113_W128.54_N51.48_202200179339_L4A,L4A,KX10_TIS_20221113_W128.54_N51.48_202200179339_L4A.tiff,12482,10708,6400,2816,256,256,True,EPSG:32609,30.0,0.0,345032.0391418832,0.0,-30.0,5872686.972083939
CS007,cut256_from_head_centered_flat_8bit__KX10_TIS_20230629_E131.45_N29.38_202300365424_L4B_20_36,202300365424,KX10_TIS_20230629_E131.45_N29.38_202300365424_L4B,L4B,KX10_TIS_20230629_E131.45_N29.38_202300365424_L4B.tiff,12061,10225,8960,4864,256,256,True,EPSG:32652,30.0,0.0,557216.0416801013,0.0,-30.0,3413542.371791996
CS008,cut256_from_head_centered_flat_8bit__KX10_TIS_20240522_E53.71_N28.01_202400053543_L4B_36_4,202400053543,KX10_TIS_20240522_E53.71_N28.01_202400053543_L4B,L4B,KX10_TIS_20240522_E53.71_N28.01_202400053543_L4B.tiff,12121,10221,768,8960,256,256,True,EPSG:32639,30.0,0.0,584272.23470428,0.0,-30.0,3262281.290624624
CS009,cut256_from_head_centered_flat_8bit__KX10_TIS_20240108_E50.92_N26.09_202400002476_L4B_30_16,202400002476,KX10_TIS_20240108_E50.92_N26.09_202400002476_L4B,L4B,KX10_TIS_20240108_E50.92_N26.09_202400002476_L4B.tiff,12237,10389,3840,7424,256,256,True,EPSG:32639,30.0,0.0,308587.6802764708,0.0,-30.0,3049072.747483806
CS010,cut256_from_head_centered_flat_8bit__KX10_TIS_20240416_E49.96_N26.27_202400041238_L4B_5_26,202400041238,KX10_TIS_20240416_E49.96_N26.27_202400041238_L4B,L4B,KX10_TIS_20240416_E49.96_N26.27_202400041238_L4B.tiff,11849,11745,6400,1024,256,256,True,EPSG:32639,30.0,0.0,220579.72043200978,0.0,-30.0,3075931.9022703003
CS011,ORIGINAL_NEW_cut_8bit__KX10_TIS_20221205_E54.31_N24.73_202200189463_L4A_19_10,202200189463,KX10_TIS_20221205_E54.31_N24.73_202200189463_L4A,L4A,KX10_TIS_20221205_E54.31_N24.73_202200189463_L4A.tiff,11626,11619,2304,4608,256,256,True,EPSG:32640,30.0,0.0,55771.87466947007,0.0,-30.0,2904846.8518289775
CS012,cut256_from_head_centered_flat_8bit__KX10_TIS_20221028_E49.91_N27.43_202200171632_L4B_25_35,202200171632,KX10_TIS_20221028_E49.91_N27.43_202200171632_L4B,L4B,KX10_TIS_20221028_E49.91_N27.43_202200171632_L4B.tiff,12121,10415,8704,6144,256,256,True,EPSG:32639,30.0,0.0,211281.5262251139,0.0,-30.0,3198375.1023969026
CS013,cut256_from_head_centered_flat_8bit__KX10_TIS_20221107_E49.72_N29.12_202200176589_L4B_21_10,202200176589,KX10_TIS_20221107_E49.72_N29.12_202200176589_L4B,L4B,KX10_TIS_20221107_E49.72_N29.12_202200176589_L4B.tiff,12220,10469,2304,5120,256,256,True,EPSG:32639,30.0,0.0,192661.70208276855,0.0,-30.0,3387658.5586753804
CS014,KX10_TIS_20220927_E35.35_N59.20_202200157047_L4B_y6528_x1536,202200157047,KX10_TIS_20220927_E35.35_N59.20_202200157047_L4B,L4B,KX10_TIS_20220927_E35.35_N59.20_202200157047_L4B.tiff,12662,10825,1536,6528,256,256,True,EPSG:32636,30.0,0.0,444764.6135531683,0.0,-30.0,6736673.632376095
CS015,ORIGINAL_NEW_cut_8bit__KX10_TIS_20230316_E124.46_N30.97_202300093299_L4A_10_24,202300093299,KX10_TIS_20230316_E124.46_N30.97_202300093299_L4A,L4A,KX10_TIS_20230316_E124.46_N30.97_202300093299_L4A.tiff,11507,6840,5888,2304,256,256,True,EPSG:32651,30.0,0.0,466428.03488115646,0.0,-30.0,3531844.39398095
CS016,cut256_from_head_centered_flat_8bit__KX10_TIS_20230108_E98.99_N11.57_202300003665_L4B_28_23,202300003665,KX10_TIS_20230108_E98.99_N11.57_202300003665_L4B,L4B,KX10_TIS_20230108_E98.99_N11.57_202300003665_L4B.tiff,11902,11777,5632,6912,256,256,True,EPSG:32647,30.0,0.0,322734.4117823519,0.0,-30.0,1449315.993603647
CS017,cut256_from_head_centered_flat_8bit__KX10_TIS_20231228_E51.47_N25.56_202300444232_L4B_11_41,202300444232,KX10_TIS_20231228_E51.47_N25.56_202300444232_L4B,L4B,KX10_TIS_20231228_E51.47_N25.56_202300444232_L4B.tiff,12216,10355,10240,2560,256,256,True,EPSG:32639,30.0,0.0,364118.7046804642,0.0,-30.0,2989790.6146759996
CS018,ORIGINAL_NEW_cut_8bit__KX10_TIS_20230314_E168.44_N53.42_202300092568_L4A_25_23,202300092568,KX10_TIS_20230314_E168.44_N53.42_202300092568_L4A,L4A,KX10_TIS_20230314_E168.44_N53.42_202300092568_L4A.tiff,12102,11993,5632,6144,256,256,True,EPSG:32659,30.0,0.0,149693.22720559034,0.0,-30.0,6097193.562445699
CS019,cut256_from_head_centered_flat_8bit__KX10_TIS_20240207_E77.14_N23.01_202400012431_L4B_27_12,202400012431,KX10_TIS_20240207_E77.14_N23.01_202400012431_L4B,L4B,KX10_TIS_20240207_E77.14_N23.01_202400012431_L4B.tiff,11988,11927,2816,6656,256,256,True,EPSG:32643,30.0,0.0,542558.0056595386,0.0,-30.0,2719150.539459251
CS020,cut256_from_head_centered_flat_8bit__KX10_TIS_20230219_W100.37_N32.72_202300022686_L4B_16_17,202300022686,KX10_TIS_20230219_W100.37_N32.72_202300022686_L4B,L4B,KX10_TIS_20230219_W100.37_N32.72_202300022686_L4B.tiff,11745,11734,4096,3840,256,256,True,EPSG:32614,30.0,0.0,197601.70282970765,0.0,-30.0,3791777.8852080223
CS021,cut256_from_head_centered_flat_8bit__KX10_TIS_20221108_E56.31_N61.53_202200177408_L4B_30_5,202200177408,KX10_TIS_20221108_E56.31_N61.53_202200177408_L4B,L4B,KX10_TIS_20221108_E56.31_N61.53_202200177408_L4B.tiff,12342,12490,1024,7424,256,256,True,EPSG:32640,30.0,0.0,279756.6433513796,0.0,-30.0,7005509.60980633
CS022,KX10_TIS_20220927_E34.33_N57.36_202200157031_L4B_y1792_x6144,202200157031,KX10_TIS_20220927_E34.33_N57.36_202200157031_L4B,L4B,KX10_TIS_20220927_E34.33_N57.36_202200157031_L4B.tiff,12674,10854,6144,1792,256,256,True,EPSG:32636,30.0,0.0,390829.06847144593,0.0,-30.0,6531355.764496389
CS023,cut256_from_head_centered_flat_8bit__KX10_TIS_20240305_E110.44_N35.08_202400026619_L4B_12_45,202400026619,KX10_TIS_20240305_E110.44_N35.08_202400026619_L4B,L4B,KX10_TIS_20240305_E110.44_N35.08_202400026619_L4B.tiff,12334,10495,11264,2816,256,256,True,EPSG:32649,30.0,0.0,264447.86344435834,0.0,-30.0,4047521.520874615
CS024,ORIGINAL_NEW_cut_8bit__KX10_TIS_20221107_E49.72_N29.12_202200176589_L4A_14_17,202200176589,KX10_TIS_20221107_E49.72_N29.12_202200176589_L4A,L4A,KX10_TIS_20221107_E49.72_N29.12_202200176589_L4A.tiff,12220,10469,4096,3328,256,256,True,EPSG:32639,30.0,0.0,192664.0842972661,0.0,-30.0,3387661.433993285
CS025,cut256_from_head_centered_flat_8bit__KX10_TIS_20240228_W8.35_N43.56_202400024849_L4B_3_23,202400024849,KX10_TIS_20240228_W8.35_N43.56_202400024849_L4B,L4B,KX10_TIS_20240228_W8.35_N43.56_202400024849_L4B.tiff,12395,10518,5632,512,256,256,True,EPSG:32629,30.0,0.0,366700.7810899811,0.0,-30.0,4989780.117187995
CS026,cut256_from_head_centered_flat_8bit__KX10_TIS_20240127_E53.61_N21.53_202400009361_L4B_9_14,202400009361,KX10_TIS_20240127_E53.61_N21.53_202400009361_L4B,L4B,KX10_TIS_20240127_E53.61_N21.53_202400009361_L4B.tiff,12025,11947,3328,2048,256,256,True,EPSG:32639,30.0,0.0,592417.747936517,0.0,-30.0,2556895.096920292
CS027,KX10_TIS_20220917_E56.71_N51.89_202200149935_L4B_y4096_x9344,202200149935,KX10_TIS_20220917_E56.71_N51.89_202200149935_L4B,L4B,KX10_TIS_20220917_E56.71_N51.89_202200149935_L4B.tiff,12368,12237,9344,4096,256,256,True,EPSG:32640,30.0,0.0,296153.7082566302,0.0,-30.0,5928438.1876134835
CS028,ORIGINAL_NEW_cut_8bit__KX10_TIS_20221129_E48.88_N28.08_202200187363_L4A_17_3,202200187363,KX10_TIS_20221129_E48.88_N28.08_202200187363_L4A,L4A,KX10_TIS_20221129_E48.88_N28.08_202200187363_L4A.tiff,11628,11644,512,4096,256,256,True,EPSG:32639,30.0,0.0,119925.10922074073,0.0,-30.0,3276786.803781245
CS029,cut256_from_head_centered_flat_8bit__KX10_TIS_20240221_E51.06_N25.48_202400017463_L4B_8_47,202400017463,KX10_TIS_20240221_E51.06_N25.48_202400017463_L4B,L4B,KX10_TIS_20240221_E51.06_N25.48_202400017463_L4B.tiff,12213,10371,11776,1792,256,256,True,EPSG:32639,30.0,0.0,323512.14656960266,0.0,-30.0,2981793.264728266
CS030,ORIGINAL_NEW_cut_8bit__KX10_TIS_20221107_E49.28_N27.24_202200176588_L4A_9_26,202200176588,KX10_TIS_20221107_E49.28_N27.24_202200176588_L4A,L4A,KX10_TIS_20221107_E49.28_N27.24_202200176588_L4A.tiff,12243,10483,6400,2048,256,256,True,EPSG:32639,30.0,0.0,146685.68808933027,0.0,-30.0,3179694.2639637156
CS031,ORIGINAL_NEW_cut_8bit__KX10_TIS_20221112_E7.01_N46.47_202200178946_L4A_14_9,202200178946,KX10_TIS_20221112_E7.01_N46.47_202200178946_L4A,L4A,KX10_TIS_20221112_E7.01_N46.47_202200178946_L4A.tiff,12595,10832,2048,3328,256,256,True,EPSG:32632,30.0,0.0,158954.9790908533,0.0,-30.0,5319466.564538878
CS032,ORIGINAL_NEW_cut_8bit__KX10_TIS_20221208_E9.40_N40.93_202200190504_L4A_28_32,202200190504,KX10_TIS_20221208_E9.40_N40.93_202200190504_L4A,L4A,KX10_TIS_20221208_E9.40_N40.93_202200190504_L4A.tiff,12431,10536,7936,6912,256,256,True,EPSG:32632,30.0,0.0,347619.56553275284,0.0,-30.0,4698873.2113803765
CS033,KX10_TIS_20220826_W47.14_N76.96_202200138826_L4B_y5888_x3456,202200138826,KX10_TIS_20220826_W47.14_N76.96_202200138826_L4B,L4B,KX10_TIS_20220826_W47.14_N76.96_202200138826_L4B.tiff,13506,14139,3456,5888,256,256,True,EPSG:32623,30.0,0.0,244772.8899691332,0.0,-30.0,8757393.903981332
CS034,cut256_from_head_centered_flat_8bit__KX10_TIS_20240109_E17.96_N57.53_202400002852_L4B_31_8,202400002852,KX10_TIS_20240109_E17.96_N57.53_202400002852_L4B,L4B,KX10_TIS_20240109_E17.96_N57.53_202400002852_L4B.tiff,12590,10686,1792,7680,256,256,True,EPSG:32633,30.0,0.0,488707.80356028496,0.0,-30.0,6551177.756302799
CS035,ORIGINAL_NEW_cut_8bit__KX10_TIS_20221018_E50.57_N26.96_202200165574_L4A_11_15,202200165574,KX10_TIS_20221018_E50.57_N26.96_202200165574_L4A,L4A,KX10_TIS_20221018_E50.57_N26.96_202200165574_L4A.tiff,12038,10353,3584,2560,256,256,True,EPSG:32639,30.0,0.0,276911.60480280686,0.0,-30.0,3146016.5735018537
CS036,cut256_from_head_centered_flat_8bit__KX10_TIS_20240221_E51.49_N27.36_202400017462_L4B_32_39,202400017462,KX10_TIS_20240221_E51.49_N27.36_202400017462_L4B,L4B,KX10_TIS_20240221_E51.49_N27.36_202400017462_L4B.tiff,12193,10356,9728,7936,256,256,True,EPSG:32639,30.0,0.0,365853.62638726376,0.0,-30.0,3190163.3725230237
CS037,cut256_from_head_centered_flat_8bit__KX10_TIS_20221105_W2.99_N43.96_202200175438_L4B_21_12,202200175438,KX10_TIS_20221105_W2.99_N43.96_202200175438_L4B,L4B,KX10_TIS_20221105_W2.99_N43.96_202200175438_L4B.tiff,12299,10552,2816,5120,256,256,True,EPSG:32630,30.0,0.0,317488.831345306,0.0,-30.0,5034133.801536561
CS038,KX10_TIS_20220915_E107.02_N6.95_202200148665_L4B_y7808_x4608,202200148665,KX10_TIS_20220915_E107.02_N6.95_202200148665_L4B,L4B,KX10_TIS_20220915_E107.02_N6.95_202200148665_L4B.tiff,12044,10263,4608,7808,256,256,True,EPSG:32648,30.0,0.0,543216.2338455571,0.0,-30.0,929479.5206847573
CS039,cut256_from_head_centered_flat_8bit__KX10_TIS_20221028_E50.35_N29.31_202200171631_L4B_29_12,202200171631,KX10_TIS_20221028_E50.35_N29.31_202200171631_L4B,L4B,KX10_TIS_20221028_E50.35_N29.31_202200171631_L4B.tiff,12088,10400,2816,7168,256,256,True,EPSG:32639,30.0,0.0,256240.3981045083,0.0,-30.0,3406763.34011076
CS040,cut256_from_head_centered_flat_8bit__KX10_TIS_20230301_W48.36_S13.76_202300028464_L4B_18_14,202300028464,KX10_TIS_20230301_W48.36_S13.76_202300028464_L4B,L4B,KX10_TIS_20230301_W48.36_S13.76_202300028464_L4B.tiff,12371,10467,3328,4352,256,256,True,EPSG:32622,30.0,0.0,600323.5169697908,0.0,-30.0,-1359243.4126133523
CS041,cut256_from_head_centered_flat_8bit__KX10_TIS_20231102_E59.34_N22.39_202300421948_L4B_40_29,202300421948,KX10_TIS_20231102_E59.34_N22.39_202300421948_L4B,L4B,KX10_TIS_20231102_E59.34_N22.39_202300421948_L4B.tiff,12034,11949,7168,9984,256,256,True,EPSG:32640,30.0,0.0,563425.3534494254,0.0,-30.0,2651604.177724782
CS042,cut256_from_head_centered_flat_8bit__KX10_TIS_20231011_E34.12_S9.71_202300408492_L4B_29_19,202300408492,KX10_TIS_20231011_E34.12_S9.71_202300408492_L4B,L4B,KX10_TIS_20231011_E34.12_S9.71_202300408492_L4B.tiff,12254,10365,4608,7168,256,256,True,EPSG:32636,30.0,0.0,439715.54359558725,0.0,-30.0,-912092.5695538109
CS043,cut256_from_head_centered_flat_8bit__KX10_TIS_20221127_E5.48_N43.16_202200185888_L4B_36_19,202200185888,KX10_TIS_20221127_E5.48_N43.16_202200185888_L4B,L4B,KX10_TIS_20221127_E5.48_N43.16_202200185888_L4B.tiff,12242,10349,4608,8960,256,256,True,EPSG:32631,30.0,0.0,518621.6545360897,0.0,-30.0,4944924.282322627
CS044,cut256_from_head_centered_flat_8bit__KX10_TIS_20221204_E49.44_N25.35_202200188539_L4B_12_7,202200188539,KX10_TIS_20221204_E49.44_N25.35_202200188539_L4B,L4B,KX10_TIS_20221204_E49.44_N25.35_202200188539_L4B.tiff,11670,11686,1536,2816,256,256,True,EPSG:32639,30.0,0.0,170680.2496955213,0.0,-30.0,2973325.3987494353
CS045,cut256_from_head_centered_flat_8bit__KX10_TIS_20240303_E52.75_N29.10_202400026047_L4B_35_20,202400026047,KX10_TIS_20240303_E52.75_N29.10_202400026047_L4B,L4B,KX10_TIS_20240303_E52.75_N29.10_202400026047_L4B.tiff,12121,10262,4864,8704,256,256,True,EPSG:32639,30.0,0.0,488296.3627055228,0.0,-30.0,3382648.6960769678
CS046,ORIGINAL_NEW_cut_8bit__KX10_TIS_20221112_E7.67_N48.32_202200178959_L4A_17_17,202200178959,KX10_TIS_20221112_E7.67_N48.32_202200178959_L4A,L4A,KX10_TIS_20221112_E7.67_N48.32_202200178959_L4A.tiff,12578,10804,4096,4096,256,256,True,EPSG:32632,30.0,0.0,213392.12743379333,0.0,-30.0,5525060.154673318
CS047,cut256_from_head_centered_flat_8bit__KX10_TIS_20240125_E52.50_N25.67_202400008255_L4B_21_27,202400008255,KX10_TIS_20240125_E52.50_N25.67_202400008255_L4B,L4B,KX10_TIS_20240125_E52.50_N25.67_202400008255_L4B.tiff,12132,10281,6656,5120,256,256,True,EPSG:32639,30.0,0.0,468601.9450788684,0.0,-30.0,3001424.170856614
CS048,KX10_TIS_20220927_E51.90_N59.10_202200156983_L4B_y4224_x8320,202200156983,KX10_TIS_20220927_E51.90_N59.10_202200156983_L4B,L4B,KX10_TIS_20220927_E51.90_N59.10_202200156983_L4B.tiff,12664,12649,8320,4224,256,256,True,EPSG:32639,30.0,0.0,363330.0734970309,0.0,-30.0,6736418.202716004
CS049,cut256_from_head_centered_flat_8bit__KX10_TIS_20240129_W117.81_N34.59_202400009638_L4B_14_40,202400009638,KX10_TIS_20240129_W117.81_N34.59_202400009638_L4B,L4B,KX10_TIS_20240129_W117.81_N34.59_202400009638_L4B.tiff,12354,10518,9984,3328,256,256,True,EPSG:32611,30.0,0.0,240112.3514764912,0.0,-30.0,3993872.957502457
CS050,cut256_from_head_centered_flat_8bit__KX10_TIS_20240123_E50.11_N55.11_202400007488_L4B_16_10,202400007488,KX10_TIS_20240123_E50.11_N55.11_202400007488_L4B,L4B,KX10_TIS_20240123_E50.11_N55.11_202400007488_L4B.tiff,12328,12245,2304,3840,256,256,True,EPSG:32639,30.0,0.0,259751.04443623484,0.0,-30.0,6286417.263489309
CS051,ORIGINAL_NEW_cut_8bit__KX10_TIS_20230316_E124.23_N30.03_202300093296_L4A_9_4,202300093296,KX10_TIS_20230316_E124.23_N30.03_202300093296_L4A,L4A,KX10_TIS_20230316_E124.23_N30.03_202300093296_L4A.tiff,11508,6851,768,2048,256,256,True,EPSG:32651,30.0,0.0,445838.5178232173,0.0,-30.0,3427627.754179784
CS052,cut256_from_head_centered_flat_8bit__KX10_TIS_20230919_E1.51_N50.51_202300398283_L4B_32_32,202300398283,KX10_TIS_20230919_E1.51_N50.51_202300398283_L4B,L4B,KX10_TIS_20230919_E1.51_N50.51_202300398283_L4B.tiff,12098,12021,7936,7936,256,256,True,EPSG:32631,30.0,0.0,214599.20538706903,0.0,-30.0,5772442.89975777
CS053,cut256_from_head_centered_flat_8bit__KX10_TIS_20221129_W125.15_N41.53_202200186686_L4B_14_14,202200186686,KX10_TIS_20221129_W125.15_N41.53_202200186686_L4B,L4B,KX10_TIS_20221129_W125.15_N41.53_202200186686_L4B.tiff,11748,11742,3328,3328,256,256,True,EPSG:32610,30.0,0.0,145856.3618266543,0.0,-30.0,4770277.749073274
CS054,cut256_from_head_centered_flat_8bit__KX10_TIS_20230225_E46.24_N45.50_202300026004_L4B_17_4,202300026004,KX10_TIS_20230225_E46.24_N45.50_202300026004_L4B,L4B,KX10_TIS_20230225_E46.24_N45.50_202300026004_L4B.tiff,12131,12153,768,4096,256,256,True,EPSG:32638,30.0,0.0,417201.84691683284,0.0,-30.0,5216259.532846073
CS055,cut256_from_head_centered_flat_8bit__KX10_TIS_20221127_E48.11_N24.95_202200185893_L4B_36_36,202200185893,KX10_TIS_20221127_E48.11_N24.95_202200185893_L4B,L4B,KX10_TIS_20221127_E48.11_N24.95_202200185893_L4B.tiff,12428,10583,8960,8960,256,256,True,EPSG:32639,30.0,0.0,21830.204086280486,0.0,-30.0,2928892.3293051766
CS056,cut256_from_head_centered_flat_8bit__KX10_TIS_20231227_E48.07_N29.23_202300443909_L4B_9_45,202300443909,KX10_TIS_20231227_E48.07_N29.23_202300443909_L4B,L4B,KX10_TIS_20231227_E48.07_N29.23_202300443909_L4B.tiff,12473,10635,11264,2048,256,256,True,EPSG:32639,30.0,0.0,29129.193483590614,0.0,-30.0,3404586.19412923
CS057,cut256_from_head_centered_flat_8bit__KX10_TIS_20230220_E49.41_N38.33_202300023672_L4B_19_32,202300023672,KX10_TIS_20230220_E49.41_N38.33_202300023672_L4B,L4B,KX10_TIS_20230220_E49.41_N38.33_202300023672_L4B.tiff,11802,11762,7936,4608,256,256,True,EPSG:32639,30.0,0.0,185537.47764759342,0.0,-30.0,4414941.6518506855
CS058,cut256_from_head_centered_flat_8bit__KX10_TIS_20230310_E27.96_N39.34_202300091668_L4B_30_26,202300091668,KX10_TIS_20230310_E27.96_N39.34_202300091668_L4B,L4B,KX10_TIS_20230310_E27.96_N39.34_202300091668_L4B.tiff,12335,10445,6400,7424,256,256,True,EPSG:32635,30.0,0.0,397871.8688529051,0.0,-30.0,4520490.900120029
CS059,cut256_from_head_centered_flat_8bit__KX10_TIS_20221112_E48.75_N25.85_202200178962_L4B_6_41,202200178962,KX10_TIS_20221112_E48.75_N25.85_202200178962_L4B,L4B,KX10_TIS_20221112_E48.75_N25.85_202200178962_L4B.tiff,12304,10517,10240,1280,256,256,True,EPSG:32639,30.0,0.0,90014.41131081287,0.0,-30.0,3026352.3749574013
CS060,ORI_1_8bit__KX10_TIS_20220927_E40.62_N66.43_202200157040_L4B_36_42,202200157040,KX10_TIS_20220927_E40.62_N66.43_202200157040_L4B,L4B,KX10_TIS_20220927_E40.62_N66.43_202200157040_L4B.tiff,13203,11422,10496,8960,256,256,True,EPSG:32637,30.0,0.0,375663.9985838941,0.0,-30.0,7551337.4466869505
CS061,cut256_from_head_centered_flat_8bit__KX10_TIS_20231111_W0.02_N40.78_202300424730_L4B_16_25,202300424730,KX10_TIS_20231111_W0.02_N40.78_202300424730_L4B,L4B,KX10_TIS_20231111_W0.02_N40.78_202300424730_L4B.tiff,12310,12265,6144,3840,256,256,True,EPSG:32630,30.0,0.0,569884.6265565129,0.0,-30.0,4697661.316031384
CS062,cut256_from_head_centered_flat_8bit__KX10_TIS_20240727_E52.78_N25.28_202400076837_L4B_8_24,202400076837,KX10_TIS_20240727_E52.78_N25.28_202400076837_L4B,L4B,KX10_TIS_20240727_E52.78_N25.28_202400076837_L4B.tiff,11962,11911,5888,1792,256,256,True,EPSG:32639,30.0,0.0,502393.92967540433,0.0,-30.0,2969617.512200378
CS063,ORIGINAL_NEW_cut_8bit__KX10_TIS_20221126_E67.10_N25.08_202200185652_L4A_19_38,202200185652,KX10_TIS_20221126_E67.10_N25.08_202200185652_L4A,L4A,KX10_TIS_20221126_E67.10_N25.08_202200185652_L4A.tiff,12373,10515,9472,4608,256,256,True,EPSG:32642,30.0,0.0,123829.95551291498,0.0,-30.0,2941670.0450784382
CS064,ORIGINAL_NEW_cut_8bit__KX10_TIS_20221112_E48.75_N25.85_202200178962_L4A_19_37,202200178962,KX10_TIS_20221112_E48.75_N25.85_202200178962_L4A,L4A,KX10_TIS_20221112_E48.75_N25.85_202200178962_L4A.tiff,12303,10518,9216,4608,256,256,True,EPSG:32639,30.0,0.0,90026.98094051576,0.0,-30.0,3026354.9231444774
CS065,cut256_from_head_centered_flat_8bit__KX10_TIS_20240127_E51.92_N29.07_202400009386_L4B_40_10,202400009386,KX10_TIS_20240127_E51.92_N29.07_202400009386_L4B,L4B,KX10_TIS_20240127_E51.92_N29.07_202400009386_L4B.tiff,11999,11904,2304,9984,256,256,True,EPSG:32639,30.0,0.0,411466.1319492949,0.0,-30.0,3388297.5875018905
CS066,cut256_from_head_centered_flat_8bit__KX10_TIS_20221205_W119.59_N38.40_202200188675_L4B_41_19,202200188675,KX10_TIS_20221205_W119.59_N38.40_202200188675_L4B,L4B,KX10_TIS_20221205_W119.59_N38.40_202200188675_L4B.tiff,11705,11678,4608,10240,256,256,True,EPSG:32611,30.0,0.0,99499.37216774758,0.0,-30.0,4422572.931895049
CS067,cut256_from_head_centered_flat_8bit__KX10_TIS_20240123_E49.21_N56.95_202400007489_L4B_35_22,202400007489,KX10_TIS_20240123_E49.21_N56.95_202400007489_L4B,L4B,KX10_TIS_20240123_E49.21_N56.95_202400007489_L4B.tiff,12315,12219,5376,8704,256,256,True,EPSG:32639,30.0,0.0,207771.3374657876,0.0,-30.0,6491967.800989073
CS068,cut256_from_head_centered_flat_8bit__KX10_TIS_20240204_E5.58_N43.74_202400011349_L4B_28_41,202400011349,KX10_TIS_20240204_E5.58_N43.74_202400011349_L4B,L4B,KX10_TIS_20240204_E5.58_N43.74_202400011349_L4B.tiff,12224,10333,10240,6912,256,256,True,EPSG:32631,30.0,0.0,524147.35942200955,0.0,-30.0,5009592.372513232
CS069,cut256_from_head_centered_flat_8bit__KX10_TIS_20240110_E50.73_N26.44_202400003279_L4B_14_19,202400003279,KX10_TIS_20240110_E50.73_N26.44_202400003279_L4B,L4B,KX10_TIS_20240110_E50.73_N26.44_202400003279_L4B.tiff,11954,11817,4608,3328,256,256,True,EPSG:32639,30.0,0.0,296075.9929015274,0.0,-30.0,3095954.857462989
CS070,cut256_from_head_centered_flat_8bit__KX10_TIS_20221129_E12.08_N62.94_202200187353_L4B_38_32,202200187353,KX10_TIS_20221129_E12.08_N62.94_202200187353_L4B,L4B,KX10_TIS_20221129_E12.08_N62.94_202200187353_L4B.tiff,12332,12361,7936,9472,256,256,True,EPSG:32633,30.0,0.0,168825.3321122764,0.0,-30.0,7163536.679053794
CS071,cut256_from_head_centered_flat_8bit__KX10_TIS_20230518_E49.28_N49.14_202300352033_L4B_19_35,202300352033,KX10_TIS_20230518_E49.28_N49.14_202300352033_L4B,L4B,KX10_TIS_20230518_E49.28_N49.14_202300352033_L4B.tiff,12117,11981,8704,4608,256,256,True,EPSG:32639,30.0,0.0,194785.06123415928,0.0,-30.0,5619649.327931871
CS072,KX10_TIS_20220924_E21.23_N42.41_202200154514_L4B_y3968_x2816,202200154514,KX10_TIS_20220924_E21.23_N42.41_202200154514_L4B,L4B,KX10_TIS_20220924_E21.23_N42.41_202200154514_L4B.tiff,12185,12067,2816,3968,256,256,True,EPSG:32634,30.0,0.0,338399.4639211454,0.0,-30.0,4870946.580397115
CS073,cut256_from_head_centered_flat_8bit__KX10_TIS_20230904_E4.41_N41.89_202300392702_L4B_14_7,202300392702,KX10_TIS_20230904_E4.41_N41.89_202300392702_L4B,L4B,KX10_TIS_20230904_E4.41_N41.89_202300392702_L4B.tiff,12281,10422,1536,3328,256,256,True,EPSG:32631,30.0,0.0,432281.59715149115,0.0,-30.0,4803401.984001248
CS074,cut256_from_head_centered_flat_8bit__KX10_TIS_20240109_E14.36_N53.97_202400002974_L4B_15_42,202400002974,KX10_TIS_20240109_E14.36_N53.97_202400002974_L4B,L4B,KX10_TIS_20240109_E14.36_N53.97_202400002974_L4B.tiff,12340,12243,10496,3584,256,256,True,EPSG:32633,30.0,0.0,275027.98420308775,0.0,-30.0,6159876.413372479
CS075,KX10_TIS_20220927_E52.90_N57.26_202200156977_L4B_y2176_x4992,202200156977,KX10_TIS_20220927_E52.90_N57.26_202200156977_L4B,L4B,KX10_TIS_20220927_E52.90_N57.26_202200156977_L4B.tiff,12676,12673,4992,2176,256,256,True,EPSG:32639,30.0,0.0,426419.02715736866,0.0,-30.0,6534215.660345512
CS076,ORIGINAL_NEW_cut_8bit__KX10_TIS_20221127_E5.48_N43.16_202200185888_L4A_35_8,202200185888,KX10_TIS_20221127_E5.48_N43.16_202200185888_L4A,L4A,KX10_TIS_20221127_E5.48_N43.16_202200185888_L4A.tiff,12241,10349,1792,8704,256,256,True,EPSG:32631,30.0,0.0,518623.8717527815,0.0,-30.0,4944926.105343527
CS077,ORIGINAL_NEW_cut_8bit__KX10_TIS_20221210_W93.96_N30.77_202200190950_L4A_28_31,202200190950,KX10_TIS_20221210_W93.96_N30.77_202200190950_L4A,L4A,KX10_TIS_20221210_W93.96_N30.77_202200190950_L4A.tiff,11782,11757,7680,6912,256,256,True,EPSG:32615,30.0,0.0,233658.13158785139,0.0,-30.0,3575101.6738376585
CS078,ORIGINAL_NEW_cut_8bit__KX10_TIS_20230316_E40.06_N40.55_202300102148_L4A_11_41,202300102148,KX10_TIS_20230316_E40.06_N40.55_202300102148_L4A,L4A,KX10_TIS_20230316_E40.06_N40.55_202300102148_L4A.tiff,12077,12058,10240,2560,256,256,True,EPSG:32637,30.0,0.0,410887.47053632967,0.0,-30.0,4664932.707427518
CS079,cut256_from_head_centered_flat_8bit__KX10_TIS_20230409_E52.39_N29.97_202300291261_L4B_13_3,202300291261,KX10_TIS_20230409_E52.39_N29.97_202300291261_L4B,L4B,KX10_TIS_20230409_E52.39_N29.97_202300291261_L4B.tiff,12023,11956,512,3072,256,256,True,EPSG:32639,30.0,0.0,455861.77884500514,0.0,-30.0,3489536.4664589637
CS080,cut256_from_head_centered_flat_8bit__KX10_TIS_20231211_E51.26_N27.16_202300438918_L4B_28_19,202300438918,KX10_TIS_20231211_E51.26_N27.16_202300438918_L4B,L4B,KX10_TIS_20231211_E51.26_N27.16_202300438918_L4B.tiff,12261,10388,4608,6912,256,256,True,EPSG:32639,30.0,0.0,342190.4690331476,0.0,-30.0,3167707.9947843803
CS081,ORIGINAL_NEW_cut_8bit__KX10_TIS_20221209_E74.21_N20.30_202200190823_L4A_29_43,202200190823,KX10_TIS_20221209_E74.21_N20.30_202200190823_L4A,L4A,KX10_TIS_20221209_E74.21_N20.30_202200190823_L4A.tiff,11705,11710,10752,7168,256,256,True,EPSG:32643,30.0,0.0,243794.29614013026,0.0,-30.0,2413107.747587228
CS082,cut256_from_head_centered_flat_8bit__KX10_TIS_20221117_E48.89_N27.25_202200182127_L4B_10_32,202200182127,KX10_TIS_20221117_E48.89_N27.25_202200182127_L4B,L4B,KX10_TIS_20221117_E48.89_N27.25_202200182127_L4B.tiff,12351,10537,7936,2304,256,256,True,EPSG:32639,30.0,0.0,106508.9067091549,0.0,-30.0,3181658.952444919
CS083,KX10_TIS_20221011_W73.56_N50.77_202200162140_L4A_y4224_x5248,202200162140,KX10_TIS_20221011_W73.56_N50.77_202200162140_L4A,L4A,KX10_TIS_20221011_W73.56_N50.77_202200162140_L4A.tiff,12365,12350,5248,4224,256,256,True,EPSG:32618,30.0,0.0,418084.58941968135,0.0,-30.0,5806033.181534958
CS084,ORIGINAL_NEW_cut_8bit__KX10_TIS_20230316_E124.01_N29.10_202300093298_L4A_5_3,202300093298,KX10_TIS_20230316_E124.01_N29.10_202300093298_L4A,L4A,KX10_TIS_20230316_E124.01_N29.10_202300093298_L4A.tiff,11510,6863,512,1024,256,256,True,EPSG:32651,30.0,0.0,425105.11397991405,0.0,-30.0,3323427.2820153357
CS085,KX10_TIS_20221003_W112.32_N54.75_202200158783_L4A_y6272_x4480,202200158783,KX10_TIS_20221003_W112.32_N54.75_202200158783_L4A,L4A,KX10_TIS_20221003_W112.32_N54.75_202200158783_L4A.tiff,12311,12202,4480,6272,256,256,True,EPSG:32612,30.0,0.0,232770.67237056908,0.0,-30.0,6246758.731151843
CS086,cut256_from_head_centered_flat_8bit__KX10_TIS_20221028_E49.48_N25.54_202200171629_L4B_23_10,202200171629,KX10_TIS_20221028_E49.48_N25.54_202200171629_L4B,L4B,KX10_TIS_20221028_E49.48_N25.54_202200171629_L4B.tiff,12134,10429,2304,5632,256,256,True,EPSG:32639,30.0,0.0,166072.13478825748,0.0,-30.0,2989997.535851135
CS087,cut256_from_head_centered_flat_8bit__KX10_TIS_20221117_E49.33_N29.13_202200182125_L4B_25_18,202200182125,KX10_TIS_20221117_E49.33_N29.13_202200182125_L4B,L4B,KX10_TIS_20221117_E49.33_N29.13_202200182125_L4B.tiff,12333,10526,4352,6144,256,256,True,EPSG:32639,30.0,0.0,153158.6491064672,0.0,-30.0,3389322.7268443652
CS088,ORI_1_8bit__KX10_TIS_20220927_E116.08_N12.84_202200156836_L4B_18_34,202200156836,KX10_TIS_20220927_E116.08_N12.84_202200156836_L4B,L4B,KX10_TIS_20220927_E116.08_N12.84_202200156836_L4B.tiff,12018,10306,8448,4352,256,256,True,EPSG:32650,30.0,0.0,220844.12282577052,0.0,-30.0,1581975.8928315218
CS089,ORIGINAL_NEW_cut_8bit__KX10_TIS_20221018_E67.32_N18.01_202200165645_L4A_21_32,202200165645,KX10_TIS_20221018_E67.32_N18.01_202200165645_L4A,L4A,KX10_TIS_20221018_E67.32_N18.01_202200165645_L4A.tiff,11831,11717,7936,5120,256,256,True,EPSG:32642,30.0,0.0,146452.94721812202,0.0,-30.0,2161108.3425233653
CS090,cut256_from_head_centered_flat_8bit__KX10_TIS_20221215_E51.18_N37.45_202200193780_L4B_16_4,202200193780,KX10_TIS_20221215_E51.18_N37.45_202200193780_L4B,L4B,KX10_TIS_20221215_E51.18_N37.45_202200193780_L4B.tiff,11992,11926,768,3840,256,256,True,EPSG:32639,30.0,0.0,337855.72649553785,0.0,-30.0,4318301.487013481
CS091,cut256_from_head_centered_flat_8bit__KX10_TIS_20221031_W119.07_N40.59_202200172248_L4B_11_8,202200172248,KX10_TIS_20221031_W119.07_N40.59_202200172248_L4B,L4B,KX10_TIS_20221031_W119.07_N40.59_202200172248_L4B.tiff,11724,11730,1792,2560,256,256,True,EPSG:32611,30.0,0.0,150472.2999636561,0.0,-30.0,4665920.899202064
CS092,cut256_from_head_centered_flat_8bit__KX10_TIS_20221223_E53.02_N25.92_202200199153_L4B_22_25,202200199153,KX10_TIS_20221223_E53.02_N25.92_202200199153_L4B,L4B,KX10_TIS_20221223_E53.02_N25.92_202200199153_L4B.tiff,12066,10244,6144,5376,256,256,True,EPSG:32639,30.0,0.0,521706.3369193884,0.0,-30.0,3029552.0893434533
CS093,ORIGINAL_NEW_cut_8bit__KX10_TIS_20221210_W1.70_N53.51_202200191115_L4A_27_32,202200191115,KX10_TIS_20221210_W1.70_N53.51_202200191115_L4A,L4A,KX10_TIS_20221210_W1.70_N53.51_202200191115_L4A.tiff,12383,12407,7936,6656,256,256,True,EPSG:32630,30.0,0.0,402896.6715053201,0.0,-30.0,6110907.452922048
CS094,cut256_from_head_centered_flat_8bit__KX10_TIS_20221230_E52.48_N32.85_202200205718_L4B_43_13,202200205718,KX10_TIS_20221230_E52.48_N32.85_202200205718_L4B,L4B,KX10_TIS_20221230_E52.48_N32.85_202200205718_L4B.tiff,12065,11998,3072,10752,256,256,True,EPSG:32639,30.0,0.0,459681.3729087512,0.0,-30.0,3809592.9853296797
CS095,ORIGINAL_NEW_cut_8bit__KX10_TIS_20221112_E5.79_N42.74_202200178956_L4A_13_18,202200178956,KX10_TIS_20221112_E5.79_N42.74_202200178956_L4A,L4A,KX10_TIS_20221112_E5.79_N42.74_202200178956_L4A.tiff,12109,10280,4352,3072,256,256,True,EPSG:32631,30.0,0.0,547045.8222866224,0.0,-30.0,4898196.491234565
CS096,cut256_from_head_centered_flat_8bit__KX10_TIS_20221107_E49.28_N27.24_202200176588_L4B_9_26,202200176588,KX10_TIS_20221107_E49.28_N27.24_202200176588_L4B,L4B,KX10_TIS_20221107_E49.28_N27.24_202200176588_L4B.tiff,12243,10483,6400,2048,256,256,True,EPSG:32639,30.0,0.0,146682.19411202602,0.0,-30.0,3179693.863663775
CS097,cut256_from_head_centered_flat_8bit__KX10_TIS_20240115_W73.80_N23.45_202400004636_L4B_38_33,202400004636,KX10_TIS_20240115_W73.80_N23.45_202400004636_L4B,L4B,KX10_TIS_20240115_W73.80_N23.45_202400004636_L4B.tiff,11998,11891,8192,9472,256,256,True,EPSG:32618,30.0,0.0,444959.09980166773,0.0,-30.0,2765807.4800638715
CS098,cut256_from_head_centered_flat_8bit__KX10_TIS_20221230_E51.99_N34.73_202200205720_L4B_30_30,202200205720,KX10_TIS_20221230_E51.99_N34.73_202200205720_L4B,L4B,KX10_TIS_20221230_E51.99_N34.73_202200205720_L4B.tiff,12069,11982,7424,7424,256,256,True,EPSG:32639,30.0,0.0,412827.81404873636,0.0,-30.0,4016826.577377054
CS099,ORIGINAL_NEW_cut_8bit__KX10_TIS_20221204_E49.44_N25.35_202200188539_L4A_20_11,202200188539,KX10_TIS_20221204_E49.44_N25.35_202200188539_L4A,L4A,KX10_TIS_20221204_E49.44_N25.35_202200188539_L4A.tiff,11667,11678,2560,4864,256,256,True,EPSG:32639,30.0,0.0,170663.73481995176,0.0,-30.0,2973211.7549218396
CS100,cut256_from_head_centered_flat_8bit__KX10_TIS_20231228_E51.89_N27.44_202300444230_L4B_31_14,202300444230,KX10_TIS_20231228_E51.89_N27.44_202300444230_L4B,L4B,KX10_TIS_20231228_E51.89_N27.44_202300444230_L4B.tiff,12194,10337,3328,7680,256,256,True,EPSG:32639,30.0,0.0,405826.6515338417,0.0,-30.0,3198244.5776083367
