record_id,source_product_level,pixel_exact,mean_absolute_difference_dn,maximum_absolute_difference_dn,equal_channel_values,channel_values
cut256_from_head_centered_flat_8bit__KX10_TIS_20221028_E49.48_N25.54_202200171629_L4B_12_16,L4B,True,0.0,0,196608,196608
cut256_from_head_centered_flat_8bit__KX10_TIS_20221028_E49.48_N25.54_202200171629_L4B_12_17,L4B,True,0.0,0,196608,196608
cut256_from_head_centered_flat_8bit__KX10_TIS_20221028_E49.48_N25.54_202200171629_L4B_13_10,L4B,True,0.0,0,196608,196608
cut256_from_head_centered_flat_8bit__KX10_TIS_20221028_E49.48_N25.54_202200171629_L4B_13_13,L4B,True,0.0,0,196608,196608
cut256_from_head_centered_flat_8bit__KX10_TIS_20221028_E49.48_N25.54_202200171629_L4B_13_9,L4B,True,0.0,0,196608,196608
cut256_from_head_centered_flat_8bit__KX10_TIS_20221028_E49.48_N25.54_202200171629_L4B_14_12,L4B,True,0.0,0,196608,196608
cut256_from_head_centered_flat_8bit__KX10_TIS_20221028_E49.48_N25.54_202200171629_L4B_18_35,L4B,True,0.0,0,196608,196608
cut256_from_head_centered_flat_8bit__KX10_TIS_20221028_E49.48_N25.54_202200171629_L4B_20_37,L4B,True,0.0,0,196608,196608
cut256_from_head_centered_flat_8bit__KX10_TIS_20221028_E49.48_N25.54_202200171629_L4B_21_24,L4B,True,0.0,0,196608,196608
cut256_from_head_centered_flat_8bit__KX10_TIS_20221028_E49.48_N25.54_202200171629_L4B_21_35,L4B,True,0.0,0,196608,196608
cut256_from_head_centered_flat_8bit__KX10_TIS_20221028_E49.48_N25.54_202200171629_L4B_21_44,L4B,True,0.0,0,196608,196608
cut256_from_head_centered_flat_8bit__KX10_TIS_20221028_E49.48_N25.54_202200171629_L4B_22_28,L4B,True,0.0,0,196608,196608
cut256_from_head_centered_flat_8bit__KX10_TIS_20221028_E49.48_N25.54_202200171629_L4B_23_10,L4B,True,0.0,0,196608,196608
cut256_from_head_centered_flat_8bit__KX10_TIS_20221028_E49.48_N25.54_202200171629_L4B_24_34,L4B,True,0.0,0,196608,196608
cut256_from_head_centered_flat_8bit__KX10_TIS_20221028_E49.48_N25.54_202200171629_L4B_26_4,L4B,True,0.0,0,196608,196608
cut256_from_head_centered_flat_8bit__KX10_TIS_20221028_E49.48_N25.54_202200171629_L4B_29_14,L4B,True,0.0,0,196608,196608
cut256_from_head_centered_flat_8bit__KX10_TIS_20221028_E49.48_N25.54_202200171629_L4B_29_15,L4B,True,0.0,0,196608,196608
cut256_from_head_centered_flat_8bit__KX10_TIS_20221028_E49.48_N25.54_202200171629_L4B_29_31,L4B,True,0.0,0,196608,196608
cut256_from_head_centered_flat_8bit__KX10_TIS_20221028_E49.48_N25.54_202200171629_L4B_2_15,L4B,True,0.0,0,196608,196608
cut256_from_head_centered_flat_8bit__KX10_TIS_20221028_E49.48_N25.54_202200171629_L4B_30_24,L4B,True,0.0,0,196608,196608
cut256_from_head_centered_flat_8bit__KX10_TIS_20221028_E49.48_N25.54_202200171629_L4B_30_28,L4B,True,0.0,0,196608,196608
cut256_from_head_centered_flat_8bit__KX10_TIS_20221028_E49.48_N25.54_202200171629_L4B_31_22,L4B,True,0.0,0,196608,196608
cut256_from_head_centered_flat_8bit__KX10_TIS_20221028_E49.48_N25.54_202200171629_L4B_33_6,L4B,True,0.0,0,196608,196608
cut256_from_head_centered_flat_8bit__KX10_TIS_20221028_E49.48_N25.54_202200171629_L4B_34_23,L4B,True,0.0,0,196608,196608
cut256_from_head_centered_flat_8bit__KX10_TIS_20221028_E49.48_N25.54_202200171629_L4B_34_6,L4B,True,0.0,0,196608,196608
KX10_TIS_20220922_E7.05_N47.50_202200153400_head1_w_centered,NOT_ENCODED,True,0.0,0,196608,196608
KX10_TIS_20221003_W112.32_N54.75_202200158783_L4A_head_8bit_11_centered,L4A,True,0.0,0,196608,196608
KX10_TIS_20221003_W112.32_N54.75_202200158783_L4A_x5632_y10624,L4A,True,0.0,0,196608,196608
KX10_TIS_20221003_W112.32_N54.75_202200158783_L4A_x6016_y8192,L4A,True,0.0,0,196608,196608
KX10_TIS_20221003_W112.32_N54.75_202200158783_L4A_x6144_y4224,L4A,True,0.0,0,196608,196608
KX10_TIS_20221003_W112.32_N54.75_202200158783_L4A_x6144_y8192,L4A,True,0.0,0,196608,196608
KX10_TIS_20221003_W112.32_N54.75_202200158783_L4A_x6144_y8320,L4A,True,0.0,0,196608,196608
KX10_TIS_20221003_W112.32_N54.75_202200158783_L4A_x6272_y4224,L4A,True,0.0,0,196608,196608
KX10_TIS_20221003_W112.32_N54.75_202200158783_L4A_x6528_y8448,L4A,True,0.0,0,196608,196608
KX10_TIS_20221003_W112.32_N54.75_202200158783_L4A_x6784_y10240,L4A,True,0.0,0,196608,196608
KX10_TIS_20221003_W112.32_N54.75_202200158783_L4A_y0_x9600,L4A,True,0.0,0,196608,196608
KX10_TIS_20221003_W112.32_N54.75_202200158783_L4A_y10112_x1536,L4A,True,0.0,0,196608,196608
KX10_TIS_20221003_W112.32_N54.75_202200158783_L4A_y10112_x2304,L4A,True,0.0,0,196608,196608
KX10_TIS_20221003_W112.32_N54.75_202200158783_L4A_y10112_x3072,L4A,True,0.0,0,196608,196608
KX10_TIS_20221003_W112.32_N54.75_202200158783_L4A_y10112_x3456,L4A,True,0.0,0,196608,196608
KX10_TIS_20221003_W112.32_N54.75_202200158783_L4A_y10112_x3712,L4A,True,0.0,0,196608,196608
KX10_TIS_20221003_W112.32_N54.75_202200158783_L4A_y10112_x5760,L4A,True,0.0,0,196608,196608
KX10_TIS_20221003_W112.32_N54.75_202200158783_L4A_y10112_x5888,L4A,True,0.0,0,196608,196608
KX10_TIS_20221003_W112.32_N54.75_202200158783_L4A_y10112_x6016,L4A,True,0.0,0,196608,196608
KX10_TIS_20221003_W112.32_N54.75_202200158783_L4A_y10112_x6912,L4A,True,0.0,0,196608,196608
KX10_TIS_20221003_W112.32_N54.75_202200158783_L4A_y10112_x7168,L4A,True,0.0,0,196608,196608
KX10_TIS_20221003_W112.32_N54.75_202200158783_L4A_y10112_x7296,L4A,True,0.0,0,196608,196608
KX10_TIS_20221003_W112.32_N54.75_202200158783_L4A_y10240_x3072,L4A,True,0.0,0,196608,196608
KX10_TIS_20221003_W112.32_N54.75_202200158783_L4A_y10240_x5760,L4A,True,0.0,0,196608,196608
KX10_TIS_20221003_W112.32_N54.75_202200158783_L4A_y10240_x5888,L4A,True,0.0,0,196608,196608
KX10_TIS_20221003_W112.32_N54.75_202200158783_L4A_y10240_x6016,L4A,True,0.0,0,196608,196608
