model,metric,comparison,estimate,ci_low,ci_high,cluster,clusters,replicates,valid_replicates,seed,seed_aggregation
MAXVIT_BASE_UNET,positive_patch_macro_dice,estimate,0.822978673972116,0.7944021372644718,0.8608936737233602,observation_date,51,2000,2000,20260916,mean of three per-seed estimates
MAXVIT_BASE_UNET,positive_patch_macro_iou,estimate,0.7399067374409188,0.7114104486836114,0.7778195259750236,observation_date,51,2000,2000,20260916,mean of three per-seed estimates
MAXVIT_BASE_UNET,cldice,estimate,0.8775181758504943,0.8385524947083471,0.9252570233616845,observation_date,51,2000,2000,20260916,mean of three per-seed estimates
MAXVIT_BASE_UNET,centerline_recall,estimate,0.908295133571365,0.8684305230927055,0.9579125417718772,observation_date,51,2000,2000,20260916,mean of three per-seed estimates
MAXVIT_BASE_UNET,pixel_pooled_dice,estimate,0.8478828657769127,0.8010032389207206,0.8680168067455022,observation_date,51,2000,2000,20260916,mean of three per-seed estimates
MAXVIT_BASE_UNET,pixel_pooled_iou,estimate,0.7359381354723121,0.668440145367925,0.7669417558222937,observation_date,51,2000,2000,20260916,mean of three per-seed estimates
MAXVIT_BASE_UNET,precision,estimate,0.8249625594910364,0.7306940336962492,0.860550278537829,observation_date,51,2000,2000,20260916,mean of three per-seed estimates
MAXVIT_BASE_UNET,recall,estimate,0.8730647526324042,0.8353923086369637,0.9363064783763573,observation_date,51,2000,2000,20260916,mean of three per-seed estimates
MAXVIT_BASE_UNET,negative_patch_any_prediction_rate,estimate,0.34568627450980394,0.31866935279240804,0.6340513833992093,observation_date,51,2000,2000,20260916,mean of three per-seed estimates
MAXVIT_BASE_UNET,negative_pixel_fpr,estimate,0.0027158310834099267,0.001755858299558426,0.010914987253907093,observation_date,51,2000,2000,20260916,mean of three per-seed estimates
UNET_RESNET34,positive_patch_macro_dice,estimate,0.7977844136666971,0.769937703503732,0.8360145424413724,observation_date,51,2000,2000,20260916,mean of three per-seed estimates
UNET_RESNET34,positive_patch_macro_iou,estimate,0.7074350649504221,0.6761756993094733,0.7458756317337933,observation_date,51,2000,2000,20260916,mean of three per-seed estimates
UNET_RESNET34,cldice,estimate,0.8485367804412952,0.8166468112782521,0.8943409272172923,observation_date,51,2000,2000,20260916,mean of three per-seed estimates
UNET_RESNET34,centerline_recall,estimate,0.8910842853071764,0.8636548465308093,0.9302183791636696,observation_date,51,2000,2000,20260916,mean of three per-seed estimates
UNET_RESNET34,pixel_pooled_dice,estimate,0.8112385798650665,0.7268713023930572,0.8451545177861769,observation_date,51,2000,2000,20260916,mean of three per-seed estimates
UNET_RESNET34,pixel_pooled_iou,estimate,0.6824368030948191,0.5709816816477111,0.7318694744395695,observation_date,51,2000,2000,20260916,mean of three per-seed estimates
UNET_RESNET34,precision,estimate,0.7572647164696334,0.6180125891474093,0.8035240039119951,observation_date,51,2000,2000,20260916,mean of three per-seed estimates
UNET_RESNET34,recall,estimate,0.8736504819387251,0.8420224164314752,0.9157725543199997,observation_date,51,2000,2000,20260916,mean of three per-seed estimates
UNET_RESNET34,negative_patch_any_prediction_rate,estimate,0.4423529411764706,0.4071241994763013,0.7295094855139704,observation_date,51,2000,2000,20260916,mean of three per-seed estimates
UNET_RESNET34,negative_pixel_fpr,estimate,0.006143041872510723,0.004286659774584797,0.020573421178920324,observation_date,51,2000,2000,20260916,mean of three per-seed estimates
UNET_RESNET34,positive_patch_macro_dice,difference_vs_maxvit,-0.025194260305418936,-0.04058540880965645,-0.018302967906301242,observation_date,51,2000,2000,20260916,mean of three per-seed estimates
UNET_RESNET34,positive_patch_macro_iou,difference_vs_maxvit,-0.03247167249049676,-0.04644363275224705,-0.026179203986511853,observation_date,51,2000,2000,20260916,mean of three per-seed estimates
UNET_RESNET34,cldice,difference_vs_maxvit,-0.028981395409199084,-0.04805890087845509,-0.019538436369817336,observation_date,51,2000,2000,20260916,mean of three per-seed estimates
UNET_RESNET34,centerline_recall,difference_vs_maxvit,-0.017210848264188616,-0.04368440723515176,-0.0018082421803838915,observation_date,51,2000,2000,20260916,mean of three per-seed estimates
UNET_RESNET34,pixel_pooled_dice,difference_vs_maxvit,-0.03664428591184621,-0.07669440001627777,-0.02065681872550978,observation_date,51,2000,2000,20260916,mean of three per-seed estimates
UNET_RESNET34,pixel_pooled_iou,difference_vs_maxvit,-0.053501332377492994,-0.10031732631509273,-0.03146402790764467,observation_date,51,2000,2000,20260916,mean of three per-seed estimates
UNET_RESNET34,precision,difference_vs_maxvit,-0.06769784302140291,-0.11777385634763202,-0.025610492229544663,observation_date,51,2000,2000,20260916,mean of three per-seed estimates
UNET_RESNET34,recall,difference_vs_maxvit,0.0005857293063208369,-0.027106817928024635,0.017455116987915364,observation_date,51,2000,2000,20260916,mean of three per-seed estimates
UNET_RESNET34,negative_patch_any_prediction_rate,difference_vs_maxvit,0.09666666666666668,0.04064910360642068,0.14362953960636793,observation_date,51,2000,2000,20260916,mean of three per-seed estimates
UNET_RESNET34,negative_pixel_fpr,difference_vs_maxvit,0.003427210789100796,0.002467239838908543,0.009386331351332966,observation_date,51,2000,2000,20260916,mean of three per-seed estimates
DEEPLABV3PLUS_RESNET50,positive_patch_macro_dice,estimate,0.7798128358021303,0.7533642904681995,0.8138933096499419,observation_date,51,2000,2000,20260916,mean of three per-seed estimates
DEEPLABV3PLUS_RESNET50,positive_patch_macro_iou,estimate,0.68090769124932,0.6494252545313859,0.7153250776001377,observation_date,51,2000,2000,20260916,mean of three per-seed estimates
DEEPLABV3PLUS_RESNET50,cldice,estimate,0.8367838349753188,0.8047296332658723,0.8801959369793791,observation_date,51,2000,2000,20260916,mean of three per-seed estimates
DEEPLABV3PLUS_RESNET50,centerline_recall,estimate,0.8833355274366569,0.8596885675816166,0.9174896423367876,observation_date,51,2000,2000,20260916,mean of three per-seed estimates
DEEPLABV3PLUS_RESNET50,pixel_pooled_dice,estimate,0.8008477161588111,0.7225707393030393,0.8325286201340337,observation_date,51,2000,2000,20260916,mean of three per-seed estimates
DEEPLABV3PLUS_RESNET50,pixel_pooled_iou,estimate,0.6678563401043981,0.5659465780419836,0.713120085265126,observation_date,51,2000,2000,20260916,mean of three per-seed estimates
DEEPLABV3PLUS_RESNET50,precision,estimate,0.7455913855982733,0.6259289783197531,0.7856329545271927,observation_date,51,2000,2000,20260916,mean of three per-seed estimates
DEEPLABV3PLUS_RESNET50,recall,estimate,0.8652725867592479,0.8229742115478641,0.9057173145459245,observation_date,51,2000,2000,20260916,mean of three per-seed estimates
DEEPLABV3PLUS_RESNET50,negative_patch_any_prediction_rate,estimate,0.5390196078431373,0.4982142129786634,0.7328852603221726,observation_date,51,2000,2000,20260916,mean of three per-seed estimates
DEEPLABV3PLUS_RESNET50,negative_pixel_fpr,estimate,0.006193692076439951,0.004713374138941912,0.015521920253541568,observation_date,51,2000,2000,20260916,mean of three per-seed estimates
DEEPLABV3PLUS_RESNET50,positive_patch_macro_dice,difference_vs_maxvit,-0.04316583816998565,-0.060384290778698904,-0.03499905868532136,observation_date,51,2000,2000,20260916,mean of three per-seed estimates
DEEPLABV3PLUS_RESNET50,positive_patch_macro_iou,difference_vs_maxvit,-0.05899904619159879,-0.0757278992319836,-0.05123133613169445,observation_date,51,2000,2000,20260916,mean of three per-seed estimates
DEEPLABV3PLUS_RESNET50,cldice,difference_vs_maxvit,-0.04073434087517547,-0.05845552118270621,-0.031828386112716205,observation_date,51,2000,2000,20260916,mean of three per-seed estimates
DEEPLABV3PLUS_RESNET50,centerline_recall,difference_vs_maxvit,-0.024959606134708157,-0.05671895809511715,-0.004356851182676562,observation_date,51,2000,2000,20260916,mean of three per-seed estimates
DEEPLABV3PLUS_RESNET50,pixel_pooled_dice,difference_vs_maxvit,-0.047035149618101624,-0.08025135506634441,-0.03151865034184439,observation_date,51,2000,2000,20260916,mean of three per-seed estimates
DEEPLABV3PLUS_RESNET50,pixel_pooled_iou,difference_vs_maxvit,-0.06808179536791403,-0.10604579000954627,-0.04782565229594779,observation_date,51,2000,2000,20260916,mean of three per-seed estimates
DEEPLABV3PLUS_RESNET50,precision,difference_vs_maxvit,-0.07937117389276305,-0.11745521937915876,-0.033777484235755,observation_date,51,2000,2000,20260916,mean of three per-seed estimates
DEEPLABV3PLUS_RESNET50,recall,difference_vs_maxvit,-0.007792165873156343,-0.04551722773910576,0.017284927518535304,observation_date,51,2000,2000,20260916,mean of three per-seed estimates
DEEPLABV3PLUS_RESNET50,negative_patch_any_prediction_rate,difference_vs_maxvit,0.19333333333333336,0.09802725968436153,0.21674991334582588,observation_date,51,2000,2000,20260916,mean of three per-seed estimates
DEEPLABV3PLUS_RESNET50,negative_pixel_fpr,difference_vs_maxvit,0.0034778609930300247,0.002618178690297976,0.006087942218920651,observation_date,51,2000,2000,20260916,mean of three per-seed estimates
SEGFORMER_B0,positive_patch_macro_dice,estimate,0.7903002290523423,0.7608453629374358,0.8272475193439505,observation_date,51,2000,2000,20260916,mean of three per-seed estimates
SEGFORMER_B0,positive_patch_macro_iou,estimate,0.6949945486861601,0.6601110274538626,0.7314845479695467,observation_date,51,2000,2000,20260916,mean of three per-seed estimates
SEGFORMER_B0,cldice,estimate,0.8520369981030275,0.8200222286891156,0.8942985196876421,observation_date,51,2000,2000,20260916,mean of three per-seed estimates
SEGFORMER_B0,centerline_recall,estimate,0.8814979823106807,0.8533598212550609,0.9169835161872463,observation_date,51,2000,2000,20260916,mean of three per-seed estimates
SEGFORMER_B0,pixel_pooled_dice,estimate,0.815510561453045,0.7397960212389064,0.848438544179671,observation_date,51,2000,2000,20260916,mean of three per-seed estimates
SEGFORMER_B0,pixel_pooled_iou,estimate,0.688533757404684,0.5872596840022999,0.7368403731997852,observation_date,51,2000,2000,20260916,mean of three per-seed estimates
SEGFORMER_B0,precision,estimate,0.7734744325999653,0.6453925482529641,0.8183024346841113,observation_date,51,2000,2000,20260916,mean of three per-seed estimates
SEGFORMER_B0,recall,estimate,0.8627062491828729,0.8376058180514521,0.8985658307357803,observation_date,51,2000,2000,20260916,mean of three per-seed estimates
SEGFORMER_B0,negative_patch_any_prediction_rate,estimate,0.5345098039215687,0.4969086454076976,0.7956453634085212,observation_date,51,2000,2000,20260916,mean of three per-seed estimates
SEGFORMER_B0,negative_pixel_fpr,estimate,0.005422841988357844,0.0037926655251078563,0.016991788629578033,observation_date,51,2000,2000,20260916,mean of three per-seed estimates
SEGFORMER_B0,positive_patch_macro_dice,difference_vs_maxvit,-0.032678444919773675,-0.053089786425362655,-0.02539914828401968,observation_date,51,2000,2000,20260916,mean of three per-seed estimates
SEGFORMER_B0,positive_patch_macro_iou,difference_vs_maxvit,-0.044912188754758775,-0.0645909190564441,-0.0374313292429953,observation_date,51,2000,2000,20260916,mean of three per-seed estimates
SEGFORMER_B0,cldice,difference_vs_maxvit,-0.025481177747466832,-0.04976379427270566,-0.015376432117185446,observation_date,51,2000,2000,20260916,mean of three per-seed estimates
SEGFORMER_B0,centerline_recall,difference_vs_maxvit,-0.026797151260684382,-0.06048358345399707,-0.009984709528064612,observation_date,51,2000,2000,20260916,mean of three per-seed estimates
SEGFORMER_B0,pixel_pooled_dice,difference_vs_maxvit,-0.03237230432386773,-0.06250087723226022,-0.018255732386293813,observation_date,51,2000,2000,20260916,mean of three per-seed estimates
SEGFORMER_B0,pixel_pooled_iou,difference_vs_maxvit,-0.047404378067628095,-0.0822629404824451,-0.02777880842515639,observation_date,51,2000,2000,20260916,mean of three per-seed estimates
SEGFORMER_B0,precision,difference_vs_maxvit,-0.05148812689107107,-0.09552388543247622,-0.0031411412796038076,observation_date,51,2000,2000,20260916,mean of three per-seed estimates
SEGFORMER_B0,recall,difference_vs_maxvit,-0.010358503449531375,-0.04993272784592246,0.008908068504116098,observation_date,51,2000,2000,20260916,mean of three per-seed estimates
SEGFORMER_B0,negative_patch_any_prediction_rate,difference_vs_maxvit,0.18882352941176472,0.14204984167580065,0.2334432133626879,observation_date,51,2000,2000,20260916,mean of three per-seed estimates
SEGFORMER_B0,negative_pixel_fpr,difference_vs_maxvit,0.002707010904947917,0.0019728622808181527,0.005815119943491662,observation_date,51,2000,2000,20260916,mean of three per-seed estimates
